{"type":"FeatureCollection","features":[{"type":"Feature","geometry":{"type":"MultiPolygon","coordinates":[[[[-90.508438,15.982853],[-90.490131,16.013034],[-90.474391,16.005289],[-90.44558,16.017937],[-90.434144,16.045099],[-90.444523,16.073824],[-91.107587,16.074338],[-91.129544,16.001818],[-91.106951,15.993011],[-91.094628,15.969617],[-91.06205,15.970353],[-91.067448,15.946066],[-91.059355,15.918908],[-91.092667,15.800863],[-91.095157,15.785436],[-91.035608,15.767673],[-90.986676,15.737757],[-90.969583,15.739182],[-90.932475,15.741158],[-90.905195,15.710984],[-90.875421,15.69368],[-90.834522,15.688124],[-90.820373,15.703312],[-90.790355,15.691173],[-90.783492,15.741819],[-90.814361,15.743313],[-90.809267,15.768121],[-90.776761,15.798597],[-90.779186,15.813894],[-90.730073,15.860076],[-90.736904,15.881384],[-90.75819,15.883733],[-90.752584,15.916179],[-90.737162,15.92913],[-90.758553,15.962215],[-90.706868,15.996002],[-90.701743,16.016099],[-90.669443,16.039522],[-90.634298,16.040691],[-90.558008,15.995245],[-90.536923,16.003113],[-90.508438,15.982853]]]]},"properties":{"country_code":"GTM","country_name":"Guatemala","admin_level":2,"admin_type":"municipio","admin_code":"1420","name":"Ixcán","parent_code":"14","parent_name":"Quiché","source_id":"306"}},{"type":"Feature","geometry":{"type":"MultiPolygon","coordinates":[[[[-91.107587,16.074338],[-91.329233,16.074137],[-91.354527,16.045449],[-91.394907,16.04324],[-91.412585,16.028209],[-91.382992,16.003146],[-91.359929,15.947909],[-91.32581,15.916905],[-91.312244,15.88721],[-91.317078,15.86038],[-91.347855,15.838081],[-91.337557,15.818158],[-91.295157,15.77751],[-91.241585,15.780776],[-91.207153,15.77207],[-91.197418,15.759065],[-91.167001,15.756154],[-91.159461,15.794039],[-91.143498,15.832167],[-91.092667,15.800863],[-91.059355,15.918908],[-91.067448,15.946066],[-91.06205,15.970353],[-91.094628,15.969617],[-91.106951,15.993011],[-91.129544,16.001818],[-91.107587,16.074338]]]]},"properties":{"country_code":"GTM","country_name":"Guatemala","admin_level":2,"admin_type":"municipio","admin_code":"1326","name":"Barillas","parent_code":"13","parent_name":"Huehuetenango","source_id":"300"}},{"type":"Feature","geometry":{"type":"MultiPolygon","coordinates":[[[[-89.499987,15.844421],[-89.501137,16.044101],[-89.523633,16.052481],[-89.576788,16.016056],[-89.633748,16.01716],[-89.65301,15.974917],[-89.698423,15.976372],[-89.746612,15.952346],[-89.759624,15.922317],[-89.794103,15.909747],[-89.849394,15.909611],[-89.88647,15.944995],[-89.889842,15.962956],[-89.936606,15.96509],[-89.988523,15.995018],[-90.011398,15.982293],[-90.013393,15.952877],[-89.996831,15.920605],[-89.954321,15.877209],[-89.941732,15.831552],[-89.945227,15.786419],[-89.955579,15.774139],[-89.952691,15.737472],[-89.934181,15.719048],[-89.710896,15.725552],[-89.686511,15.737178],[-89.658602,15.734961],[-89.643141,15.757772],[-89.64125,15.795179],[-89.616449,15.794697],[-89.554651,15.814849],[-89.538201,15.829445],[-89.499987,15.844421]]]]},"properties":{"country_code":"GTM","country_name":"Guatemala","admin_level":2,"admin_type":"municipio","admin_code":"1615","name":"Fray Bartolomé de Las Casas","parent_code":"16","parent_name":"Alta Verapaz","source_id":"18"}},{"type":"Feature","geometry":{"type":"MultiPolygon","coordinates":[[[[-91.329233,16.074137],[-91.48341,16.073809],[-91.504724,16.046623],[-91.519986,16.006324],[-91.550325,15.9889],[-91.545522,15.944469],[-91.55091,15.886571],[-91.536462,15.869727],[-91.48469,15.823814],[-91.445681,15.793478],[-91.421772,15.791672],[-91.347855,15.838081],[-91.317078,15.86038],[-91.312244,15.88721],[-91.32581,15.916905],[-91.359929,15.947909],[-91.382992,16.003146],[-91.412585,16.028209],[-91.394907,16.04324],[-91.354527,16.045449],[-91.329233,16.074137]]]]},"properties":{"country_code":"GTM","country_name":"Guatemala","admin_level":2,"admin_type":"municipio","admin_code":"1318","name":"San Mateo Ixtatán","parent_code":"13","parent_name":"Huehuetenango","source_id":"290"}},{"type":"Feature","geometry":{"type":"MultiPolygon","coordinates":[[[[-91.48341,16.073809],[-91.731254,16.073694],[-91.873226,15.83358],[-91.807393,15.825276],[-91.769458,15.796218],[-91.748671,15.792346],[-91.728799,15.809155],[-91.690618,15.828215],[-91.666121,15.851727],[-91.603725,15.854012],[-91.536462,15.869727],[-91.55091,15.886571],[-91.545522,15.944469],[-91.550325,15.9889],[-91.519986,16.006324],[-91.504724,16.046623],[-91.48341,16.073809]]]]},"properties":{"country_code":"GTM","country_name":"Guatemala","admin_level":2,"admin_type":"municipio","admin_code":"1305","name":"Nentón","parent_code":"13","parent_name":"Huehuetenango","source_id":"283"}},{"type":"Feature","geometry":{"type":"MultiPolygon","coordinates":[[[[-90.790355,15.691173],[-90.793631,15.678979],[-90.686209,15.64822],[-90.655635,15.648572],[-90.629846,15.602302],[-90.635543,15.590423],[-90.607965,15.538221],[-90.604234,15.505178],[-90.636295,15.4852],[-90.455277,15.447736],[-90.465846,15.416042],[-90.429197,15.401643],[-90.373364,15.379477],[-90.379349,15.356369],[-90.263946,15.328405],[-90.264545,15.354999],[-90.270777,15.390459],[-90.325593,15.369744],[-90.352117,15.392261],[-90.332895,15.435531],[-90.343965,15.464782],[-90.320455,15.505319],[-90.320413,15.544304],[-90.366108,15.636206],[-90.328702,15.667957],[-90.306189,15.721821],[-90.407788,15.790633],[-90.508438,15.982853],[-90.536923,16.003113],[-90.558008,15.995245],[-90.634298,16.040691],[-90.669443,16.039522],[-90.701743,16.016099],[-90.706868,15.996002],[-90.758553,15.962215],[-90.737162,15.92913],[-90.752584,15.916179],[-90.75819,15.883733],[-90.736904,15.881384],[-90.730073,15.860076],[-90.779186,15.813894],[-90.776761,15.798597],[-90.809267,15.768121],[-90.814361,15.743313],[-90.783492,15.741819],[-90.790355,15.691173]]]]},"properties":{"country_code":"GTM","country_name":"Guatemala","admin_level":2,"admin_type":"municipio","admin_code":"1601","name":"Cobán","parent_code":"16","parent_name":"Alta Verapaz","source_id":"19"}},{"type":"Feature","geometry":{"type":"MultiPolygon","coordinates":[[[[-88.489366,15.501931],[-88.471935,15.513082],[-88.346191,15.616507],[-88.322708,15.657281],[-88.325469,15.670319],[-88.282857,15.674728],[-88.247745,15.689759],[-88.252728,15.73203],[-88.307296,15.780228],[-88.366336,15.815314],[-88.426232,15.845466],[-88.503985,15.897884],[-88.55492,15.94529],[-88.583575,15.959819],[-88.622554,15.963945],[-88.614279,15.937829],[-88.565347,15.912054],[-88.549254,15.880808],[-88.511162,15.869879],[-88.494479,15.837647],[-88.5286,15.839964],[-88.565338,15.852469],[-88.554709,15.811661],[-88.580078,15.768981],[-88.580987,15.748337],[-88.606115,15.733924],[-88.600933,15.700356],[-88.634345,15.692918],[-88.628103,15.753385],[-88.680598,15.781734],[-88.734681,15.74752],[-88.720539,15.713675],[-88.683327,15.706332],[-88.670727,15.689904],[-88.704278,15.662148],[-88.713653,15.614205],[-88.725308,15.588277],[-88.680947,15.583623],[-88.632825,15.593282],[-88.627233,15.611297],[-88.593219,15.618803],[-88.554623,15.593721],[-88.563563,15.556591],[-88.542611,15.529622],[-88.489366,15.501931]]]]},"properties":{"country_code":"GTM","country_name":"Guatemala","admin_level":2,"admin_type":"municipio","admin_code":"1801","name":"Puerto Barrios","parent_code":"18","parent_name":"Izabal","source_id":"62"}},{"type":"Feature","geometry":{"type":"MultiPolygon","coordinates":[[[[-88.680598,15.781734],[-88.730911,15.816775],[-88.750248,15.813779],[-88.765795,15.802882],[-88.77155,15.790467],[-88.776409,15.774661],[-88.783282,15.78152],[-88.803495,15.771645],[-88.822998,15.775374],[-88.841467,15.75908],[-88.864004,15.716082],[-88.896837,15.68353],[-88.935748,15.695275],[-88.948899,15.67327],[-88.992061,15.665886],[-88.997513,15.651585],[-88.981199,15.624904],[-89.004977,15.589755],[-88.98588,15.552779],[-88.935875,15.56017],[-88.903703,15.550229],[-88.867039,15.569515],[-88.755654,15.574799],[-88.725308,15.588277],[-88.713653,15.614205],[-88.704278,15.662148],[-88.670727,15.689904],[-88.683327,15.706332],[-88.720539,15.713675],[-88.734681,15.74752],[-88.680598,15.781734]]],[[[-89.099348,15.578986],[-89.070565,15.589087],[-89.055791,15.61299],[-89.008796,15.628275],[-89.000162,15.668418],[-88.951523,15.684763],[-88.949384,15.712782],[-88.917895,15.731196],[-88.872538,15.748102],[-88.859219,15.783635],[-88.8332,15.79157],[-88.808812,15.773663],[-88.791247,15.784458],[-88.776712,15.781125],[-88.773598,15.791532],[-88.780163,15.803239],[-88.769089,15.80377],[-88.749284,15.830224],[-88.794375,15.859503],[-88.829879,15.872882],[-88.837938,15.863831],[-88.885716,15.864277],[-88.906268,15.893716],[-88.958774,15.888657],[-88.991854,15.903418],[-89.055008,15.91716],[-89.077146,15.899365],[-89.103449,15.912671],[-89.125746,15.900193],[-89.161525,15.899457],[-89.175835,15.913994],[-89.225799,15.896614],[-89.266592,15.91982],[-89.29253,15.914479],[-89.363812,15.918364],[-89.377532,15.905678],[-89.392703,15.865913],[-89.412301,15.856197],[-89.437771,15.81711],[-89.493562,15.710912],[-89.456986,15.659693],[-89.380072,15.664387],[-89.364288,15.659305],[-89.303323,15.664604],[-89.159941,15.659774],[-89.099348,15.578986]]]]},"properties":{"country_code":"GTM","country_name":"Guatemala","admin_level":2,"admin_type":"municipio","admin_code":"1802","name":"Lívingston","parent_code":"18","parent_name":"Izabal","source_id":"63"}},{"type":"Feature","geometry":{"type":"MultiPolygon","coordinates":[[[[-89.710896,15.725552],[-89.719782,15.701333],[-89.726586,15.614237],[-89.676812,15.638455],[-89.666762,15.632744],[-89.597826,15.64626],[-89.569918,15.635867],[-89.5363,15.636294],[-89.493562,15.710912],[-89.437771,15.81711],[-89.412301,15.856197],[-89.442842,15.848603],[-89.467296,15.862099],[-89.499987,15.844421],[-89.538201,15.829445],[-89.554651,15.814849],[-89.616449,15.794697],[-89.64125,15.795179],[-89.643141,15.757772],[-89.658602,15.734961],[-89.686511,15.737178],[-89.710896,15.725552]]]]},"properties":{"country_code":"GTM","country_name":"Guatemala","admin_level":2,"admin_type":"municipio","admin_code":"1614","name":"Chahal","parent_code":"16","parent_name":"Alta Verapaz","source_id":"20"}},{"type":"Feature","geometry":{"type":"MultiPolygon","coordinates":[[[[-91.536462,15.869727],[-91.603725,15.854012],[-91.666121,15.851727],[-91.690618,15.828215],[-91.661869,15.792597],[-91.623681,15.788418],[-91.579976,15.752653],[-91.564969,15.731941],[-91.538635,15.768427],[-91.534082,15.785353],[-91.48469,15.823814],[-91.536462,15.869727]]]]},"properties":{"country_code":"GTM","country_name":"Guatemala","admin_level":2,"admin_type":"municipio","admin_code":"1325","name":"San Sebastián Coatán","parent_code":"13","parent_name":"Huehuetenango","source_id":"296"}},{"type":"Feature","geometry":{"type":"MultiPolygon","coordinates":[[[[-91.39601,14.636489],[-91.433081,14.627447],[-91.403415,14.596094],[-91.39601,14.636489]]]]},"properties":{"country_code":"GTM","country_name":"Guatemala","admin_level":2,"admin_type":"municipio","admin_code":"1017","name":"Santo Tomás La Unión","parent_code":"10","parent_name":"Suchitepéquez","source_id":"175"}},{"type":"Feature","geometry":{"type":"MultiPolygon","coordinates":[[[[-91.347855,15.838081],[-91.421772,15.791672],[-91.445681,15.793478],[-91.48469,15.823814],[-91.534082,15.785353],[-91.538635,15.768427],[-91.481047,15.751942],[-91.464902,15.738043],[-91.449557,15.732559],[-91.408525,15.742309],[-91.339623,15.712426],[-91.331749,15.689401],[-91.288457,15.687942],[-91.232373,15.675967],[-91.213875,15.662567],[-91.15816,15.716408],[-91.157817,15.751318],[-91.139687,15.775713],[-91.159461,15.794039],[-91.167001,15.756154],[-91.197418,15.759065],[-91.207153,15.77207],[-91.241585,15.780776],[-91.295157,15.77751],[-91.337557,15.818158],[-91.347855,15.838081]]]]},"properties":{"country_code":"GTM","country_name":"Guatemala","admin_level":2,"admin_type":"municipio","admin_code":"1317","name":"Santa Eulalia","parent_code":"13","parent_name":"Huehuetenango","source_id":"301"}},{"type":"Feature","geometry":{"type":"MultiPolygon","coordinates":[[[[-91.763155,15.744669],[-91.784875,15.768661],[-91.830663,15.792585],[-91.874884,15.830624],[-91.929739,15.738328],[-91.905361,15.693481],[-91.866672,15.703665],[-91.849382,15.695311],[-91.822077,15.66086],[-91.783483,15.708295],[-91.763155,15.744669]]]]},"properties":{"country_code":"GTM","country_name":"Guatemala","admin_level":2,"admin_type":"municipio","admin_code":"1331","name":"Santa Ana Huista","parent_code":"13","parent_name":"Huehuetenango","source_id":"298"}},{"type":"Feature","geometry":{"type":"MultiPolygon","coordinates":[[[[-91.728799,15.809155],[-91.70018,15.791682],[-91.673888,15.748003],[-91.646373,15.728847],[-91.633136,15.693948],[-91.556031,15.669575],[-91.530628,15.671898],[-91.530863,15.686922],[-91.558005,15.697629],[-91.564969,15.731941],[-91.579976,15.752653],[-91.623681,15.788418],[-91.661869,15.792597],[-91.690618,15.828215],[-91.728799,15.809155]]]]},"properties":{"country_code":"GTM","country_name":"Guatemala","admin_level":2,"admin_type":"municipio","admin_code":"1313","name":"San Miguel Acatán","parent_code":"13","parent_name":"Huehuetenango","source_id":"291"}},{"type":"Feature","geometry":{"type":"MultiPolygon","coordinates":[[[[-89.911616,15.49352],[-89.928482,15.508019],[-89.922885,15.565678],[-89.909098,15.581695],[-89.949783,15.663502],[-90.067376,15.600979],[-90.069858,15.502027],[-90.051236,15.496279],[-90.010087,15.507089],[-89.988128,15.489997],[-89.960353,15.495181],[-89.911616,15.49352]]]]},"properties":{"country_code":"GTM","country_name":"Guatemala","admin_level":2,"admin_type":"municipio","admin_code":"1611","name":"Lanquín","parent_code":"16","parent_name":"Alta Verapaz","source_id":"23"}},{"type":"Feature","geometry":{"type":"MultiPolygon","coordinates":[[[[-91.092667,15.800863],[-91.143498,15.832167],[-91.159461,15.794039],[-91.139687,15.775713],[-91.157817,15.751318],[-91.15816,15.716408],[-91.213875,15.662567],[-91.231415,15.639427],[-91.240623,15.62478],[-91.272089,15.622463],[-91.273616,15.586605],[-91.319537,15.55551],[-91.319635,15.537716],[-91.319534,15.463394],[-91.305247,15.428654],[-91.240467,15.379327],[-91.171281,15.386466],[-91.149135,15.392711],[-91.12875,15.430154],[-91.1297,15.448387],[-91.104584,15.473068],[-91.078035,15.469711],[-91.01942,15.51492],[-91.037055,15.543108],[-91.031972,15.567543],[-91.047655,15.583846],[-91.079261,15.592092],[-91.074603,15.630615],[-91.082061,15.681412],[-91.074495,15.712116],[-91.078089,15.744478],[-91.095157,15.785436],[-91.092667,15.800863]]]]},"properties":{"country_code":"GTM","country_name":"Guatemala","admin_level":2,"admin_type":"municipio","admin_code":"1413","name":"Nebaj","parent_code":"14","parent_name":"Quiché","source_id":"307"}},{"type":"Feature","geometry":{"type":"MultiPolygon","coordinates":[[[[-91.873226,15.83358],[-91.874884,15.830624],[-91.830663,15.792585],[-91.784875,15.768661],[-91.763155,15.744669],[-91.729587,15.728396],[-91.719465,15.707846],[-91.736701,15.672394],[-91.713132,15.662861],[-91.678063,15.684885],[-91.633136,15.693948],[-91.646373,15.728847],[-91.673888,15.748003],[-91.70018,15.791682],[-91.728799,15.809155],[-91.748671,15.792346],[-91.769458,15.796218],[-91.807393,15.825276],[-91.873226,15.83358]]]]},"properties":{"country_code":"GTM","country_name":"Guatemala","admin_level":2,"admin_type":"municipio","admin_code":"1307","name":"Jacaltenango","parent_code":"13","parent_name":"Huehuetenango","source_id":"279"}},{"type":"Feature","geometry":{"type":"MultiPolygon","coordinates":[[[[-91.199461,14.740975],[-91.205594,14.76086],[-91.247242,14.749759],[-91.243427,14.728649],[-91.199461,14.740975]]]]},"properties":{"country_code":"GTM","country_name":"Guatemala","admin_level":2,"admin_type":"municipio","admin_code":"0714","name":"Santa Cruz La Laguna","parent_code":"07","parent_name":"Sololá","source_id":"254"}},{"type":"Feature","geometry":{"type":"MultiPolygon","coordinates":[[[[-91.095157,15.785436],[-91.078089,15.744478],[-91.074495,15.712116],[-91.082061,15.681412],[-91.074603,15.630615],[-91.079261,15.592092],[-91.047655,15.583846],[-91.031972,15.567543],[-91.037055,15.543108],[-91.01942,15.51492],[-91.078035,15.469711],[-91.104584,15.473068],[-91.1297,15.448387],[-91.12875,15.430154],[-91.108678,15.446775],[-91.064606,15.449258],[-91.018843,15.459644],[-91.006136,15.445647],[-90.973275,15.454803],[-90.909473,15.462118],[-90.871368,15.484141],[-90.868417,15.536737],[-90.911827,15.59672],[-90.928163,15.638044],[-90.957024,15.636066],[-90.96047,15.663733],[-90.978233,15.671463],[-90.978698,15.701443],[-90.962523,15.722703],[-90.969583,15.739182],[-90.986676,15.737757],[-91.035608,15.767673],[-91.095157,15.785436]]]]},"properties":{"country_code":"GTM","country_name":"Guatemala","admin_level":2,"admin_type":"municipio","admin_code":"1405","name":"Chajul","parent_code":"14","parent_name":"Quiché","source_id":"308"}},{"type":"Feature","geometry":{"type":"MultiPolygon","coordinates":[[[[-89.934181,15.719048],[-89.936639,15.671458],[-89.949783,15.663502],[-89.909098,15.581695],[-89.922885,15.565678],[-89.928482,15.508019],[-89.911616,15.49352],[-89.638092,15.525897],[-89.605976,15.523301],[-89.583033,15.521798],[-89.5363,15.636294],[-89.569918,15.635867],[-89.597826,15.64626],[-89.666762,15.632744],[-89.676812,15.638455],[-89.726586,15.614237],[-89.719782,15.701333],[-89.710896,15.725552],[-89.934181,15.719048]]]]},"properties":{"country_code":"GTM","country_name":"Guatemala","admin_level":2,"admin_type":"municipio","admin_code":"1612","name":"Cahabón","parent_code":"16","parent_name":"Alta Verapaz","source_id":"22"}},{"type":"Feature","geometry":{"type":"MultiPolygon","coordinates":[[[[-89.952691,15.737472],[-90.004759,15.734108],[-90.08788,15.761635],[-90.126712,15.760669],[-90.179722,15.774214],[-90.231402,15.704957],[-90.249979,15.713828],[-90.306189,15.721821],[-90.328702,15.667957],[-90.366108,15.636206],[-90.320413,15.544304],[-90.320455,15.505319],[-90.343965,15.464782],[-90.332895,15.435531],[-90.323024,15.45616],[-90.248738,15.435076],[-90.111466,15.379166],[-89.946551,15.415994],[-89.965053,15.471085],[-89.960353,15.495181],[-89.988128,15.489997],[-90.010087,15.507089],[-90.051236,15.496279],[-90.069858,15.502027],[-90.067376,15.600979],[-89.949783,15.663502],[-89.936639,15.671458],[-89.934181,15.719048],[-89.952691,15.737472]]]]},"properties":{"country_code":"GTM","country_name":"Guatemala","admin_level":2,"admin_type":"municipio","admin_code":"1609","name":"San Pedro Carchá","parent_code":"16","parent_name":"Alta Verapaz","source_id":"21"}},{"type":"Feature","geometry":{"type":"MultiPolygon","coordinates":[[[[-91.564969,15.731941],[-91.558005,15.697629],[-91.530863,15.686922],[-91.518051,15.706739],[-91.464902,15.738043],[-91.481047,15.751942],[-91.538635,15.768427],[-91.564969,15.731941]]]]},"properties":{"country_code":"GTM","country_name":"Guatemala","admin_level":2,"admin_type":"municipio","admin_code":"1314","name":"San Rafael La Independencia","parent_code":"13","parent_name":"Huehuetenango","source_id":"294"}},{"type":"Feature","geometry":{"type":"MultiPolygon","coordinates":[[[[-90.969583,15.739182],[-90.962523,15.722703],[-90.978698,15.701443],[-90.978233,15.671463],[-90.96047,15.663733],[-90.957024,15.636066],[-90.928163,15.638044],[-90.911827,15.59672],[-90.868417,15.536737],[-90.871368,15.484141],[-90.887403,15.419633],[-90.887235,15.391367],[-90.89764,15.339206],[-90.901946,15.307632],[-90.887796,15.256818],[-90.848905,15.235424],[-90.814768,15.236137],[-90.755226,15.223149],[-90.733109,15.266187],[-90.753174,15.278784],[-90.744693,15.30211],[-90.716983,15.285373],[-90.685984,15.338032],[-90.69263,15.344434],[-90.812258,15.331003],[-90.862516,15.34707],[-90.856477,15.358565],[-90.767847,15.372542],[-90.785629,15.432456],[-90.812921,15.423004],[-90.804488,15.461828],[-90.81387,15.476728],[-90.802096,15.510143],[-90.809185,15.524659],[-90.788323,15.548738],[-90.742375,15.552586],[-90.730606,15.56468],[-90.688664,15.571145],[-90.653265,15.590556],[-90.635543,15.590423],[-90.629846,15.602302],[-90.655635,15.648572],[-90.686209,15.64822],[-90.793631,15.678979],[-90.790355,15.691173],[-90.820373,15.703312],[-90.834522,15.688124],[-90.875421,15.69368],[-90.905195,15.710984],[-90.932475,15.741158],[-90.969583,15.739182]]]]},"properties":{"country_code":"GTM","country_name":"Guatemala","admin_level":2,"admin_type":"municipio","admin_code":"1415","name":"Uspantán","parent_code":"14","parent_name":"Quiché","source_id":"309"}},{"type":"Feature","geometry":{"type":"MultiPolygon","coordinates":[[[[-91.822077,15.66086],[-91.819868,15.624775],[-91.795122,15.569708],[-91.778457,15.583403],[-91.774314,15.618583],[-91.736978,15.637107],[-91.750274,15.661529],[-91.736701,15.672394],[-91.719465,15.707846],[-91.729587,15.728396],[-91.763155,15.744669],[-91.783483,15.708295],[-91.822077,15.66086]]]]},"properties":{"country_code":"GTM","country_name":"Guatemala","admin_level":2,"admin_type":"municipio","admin_code":"1324","name":"San Antonio Huista","parent_code":"13","parent_name":"Huehuetenango","source_id":"285"}},{"type":"Feature","geometry":{"type":"MultiPolygon","coordinates":[[[[-91.464902,15.738043],[-91.518051,15.706739],[-91.530863,15.686922],[-91.530628,15.671898],[-91.502051,15.668679],[-91.459925,15.675175],[-91.431381,15.653525],[-91.419758,15.674696],[-91.36385,15.675429],[-91.331749,15.689401],[-91.339623,15.712426],[-91.408525,15.742309],[-91.449557,15.732559],[-91.464902,15.738043]]]]},"properties":{"country_code":"GTM","country_name":"Guatemala","admin_level":2,"admin_type":"municipio","admin_code":"1308","name":"Soloma","parent_code":"13","parent_name":"Huehuetenango","source_id":"293"}},{"type":"Feature","geometry":{"type":"MultiPolygon","coordinates":[[[[-91.929739,15.738328],[-91.988641,15.638034],[-91.93998,15.626837],[-91.893435,15.594436],[-91.862527,15.544107],[-91.852514,15.496486],[-91.798135,15.520678],[-91.795122,15.569708],[-91.819868,15.624775],[-91.822077,15.66086],[-91.849382,15.695311],[-91.866672,15.703665],[-91.905361,15.693481],[-91.929739,15.738328]]]]},"properties":{"country_code":"GTM","country_name":"Guatemala","admin_level":2,"admin_type":"municipio","admin_code":"1312","name":"La Democracia","parent_code":"13","parent_name":"Huehuetenango","source_id":"280"}},{"type":"Feature","geometry":{"type":"MultiPolygon","coordinates":[[[[-89.493562,15.710912],[-89.5363,15.636294],[-89.583033,15.521798],[-89.566924,15.498949],[-89.588941,15.482886],[-89.555375,15.466379],[-89.529643,15.465631],[-89.516905,15.451086],[-89.532942,15.424418],[-89.514123,15.415731],[-89.524577,15.38037],[-89.517734,15.358255],[-89.54445,15.34704],[-89.539586,15.31037],[-89.566686,15.309365],[-89.567307,15.266277],[-89.576041,15.241874],[-89.626832,15.161531],[-89.6131,15.160521],[-89.560663,15.180586],[-89.544711,15.172655],[-89.464514,15.197707],[-89.421266,15.215502],[-89.382899,15.266789],[-89.359494,15.278048],[-89.325614,15.271851],[-89.290331,15.293555],[-89.25798,15.297804],[-89.222412,15.290228],[-89.200255,15.375893],[-89.215524,15.392752],[-89.216282,15.415174],[-89.248576,15.415272],[-89.277431,15.371115],[-89.307653,15.356461],[-89.336238,15.375621],[-89.322421,15.425937],[-89.343426,15.456935],[-89.3857,15.461061],[-89.391677,15.474014],[-89.374834,15.507783],[-89.314103,15.531134],[-89.299434,15.518448],[-89.265733,15.521859],[-89.24642,15.558282],[-89.222804,15.572318],[-89.177885,15.579633],[-89.152412,15.564258],[-89.116886,15.582296],[-89.099348,15.578986],[-89.159941,15.659774],[-89.303323,15.664604],[-89.364288,15.659305],[-89.380072,15.664387],[-89.456986,15.659693],[-89.493562,15.710912]]]]},"properties":{"country_code":"GTM","country_name":"Guatemala","admin_level":2,"admin_type":"municipio","admin_code":"1803","name":"El Estor","parent_code":"18","parent_name":"Izabal","source_id":"64"}},{"type":"Feature","geometry":{"type":"MultiPolygon","coordinates":[[[[-91.331749,15.689401],[-91.36385,15.675429],[-91.419758,15.674696],[-91.431381,15.653525],[-91.459925,15.675175],[-91.502051,15.668679],[-91.530628,15.671898],[-91.536182,15.638772],[-91.494737,15.628888],[-91.489325,15.595882],[-91.46542,15.603425],[-91.440351,15.594822],[-91.43005,15.61815],[-91.386068,15.613208],[-91.336036,15.628785],[-91.309429,15.647738],[-91.231415,15.639427],[-91.213875,15.662567],[-91.232373,15.675967],[-91.288457,15.687942],[-91.331749,15.689401]]]]},"properties":{"country_code":"GTM","country_name":"Guatemala","admin_level":2,"admin_type":"municipio","admin_code":"1323","name":"San Juan Ixcoy","parent_code":"13","parent_name":"Huehuetenango","source_id":"289"}},{"type":"Feature","geometry":{"type":"MultiPolygon","coordinates":[[[[-88.725308,15.588277],[-88.755654,15.574799],[-88.867039,15.569515],[-88.903703,15.550229],[-88.935875,15.56017],[-88.98588,15.552779],[-88.98308,15.515885],[-88.977923,15.46292],[-89.036991,15.438705],[-89.029672,15.413753],[-88.96234,15.407435],[-88.932801,15.372222],[-88.914737,15.364986],[-88.927053,15.33914],[-88.925178,15.312477],[-88.952724,15.289327],[-88.904544,15.27898],[-88.870152,15.222668],[-88.84764,15.241685],[-88.676245,15.34375],[-88.612139,15.407936],[-88.568522,15.429846],[-88.502747,15.493625],[-88.489366,15.501931],[-88.542611,15.529622],[-88.563563,15.556591],[-88.554623,15.593721],[-88.593219,15.618803],[-88.627233,15.611297],[-88.632825,15.593282],[-88.680947,15.583623],[-88.725308,15.588277]]]]},"properties":{"country_code":"GTM","country_name":"Guatemala","admin_level":2,"admin_type":"municipio","admin_code":"1804","name":"Morales","parent_code":"18","parent_name":"Izabal","source_id":"65"}},{"type":"Feature","geometry":{"type":"MultiPolygon","coordinates":[[[[-89.960353,15.495181],[-89.965053,15.471085],[-89.946551,15.415994],[-90.111466,15.379166],[-90.111801,15.355637],[-90.028147,15.336193],[-90.002189,15.318026],[-89.959011,15.319596],[-89.884666,15.340226],[-89.827091,15.336483],[-89.799949,15.340111],[-89.728415,15.352669],[-89.725709,15.372445],[-89.647606,15.408176],[-89.644747,15.465701],[-89.605976,15.523301],[-89.638092,15.525897],[-89.911616,15.49352],[-89.960353,15.495181]]]]},"properties":{"country_code":"GTM","country_name":"Guatemala","admin_level":2,"admin_type":"municipio","admin_code":"1608","name":"Senahú","parent_code":"16","parent_name":"Alta Verapaz","source_id":"24"}},{"type":"Feature","geometry":{"type":"MultiPolygon","coordinates":[[[[-91.231415,15.639427],[-91.309429,15.647738],[-91.336036,15.628785],[-91.386068,15.613208],[-91.43005,15.61815],[-91.440351,15.594822],[-91.46542,15.603425],[-91.489325,15.595882],[-91.487868,15.555877],[-91.512282,15.523147],[-91.51227,15.478751],[-91.507328,15.41632],[-91.522898,15.379323],[-91.492717,15.374272],[-91.452961,15.351975],[-91.398508,15.361436],[-91.374777,15.354427],[-91.37463,15.394421],[-91.339827,15.43185],[-91.334299,15.479726],[-91.340273,15.49728],[-91.319635,15.537716],[-91.319537,15.55551],[-91.273616,15.586605],[-91.272089,15.622463],[-91.240623,15.62478],[-91.231415,15.639427]]]]},"properties":{"country_code":"GTM","country_name":"Guatemala","admin_level":2,"admin_type":"municipio","admin_code":"1302","name":"Chiantla","parent_code":"13","parent_name":"Huehuetenango","source_id":"274"}},{"type":"Feature","geometry":{"type":"MultiPolygon","coordinates":[[[[-91.988641,15.638034],[-92.001597,15.616186],[-91.978389,15.603489],[-91.917613,15.555382],[-91.882075,15.512265],[-91.866829,15.441541],[-91.852514,15.496486],[-91.862527,15.544107],[-91.893435,15.594436],[-91.93998,15.626837],[-91.988641,15.638034]]]]},"properties":{"country_code":"GTM","country_name":"Guatemala","admin_level":2,"admin_type":"municipio","admin_code":"1311","name":"La Libertad","parent_code":"13","parent_name":"Huehuetenango","source_id":"281"}},{"type":"Feature","geometry":{"type":"MultiPolygon","coordinates":[[[[-92.001597,15.616186],[-92.09463,15.459206],[-92.027398,15.447309],[-91.982644,15.403344],[-91.975802,15.3642],[-91.996478,15.328145],[-91.978933,15.296686],[-91.956348,15.320981],[-91.937129,15.322059],[-91.881211,15.362209],[-91.864716,15.421813],[-91.866829,15.441541],[-91.882075,15.512265],[-91.917613,15.555382],[-91.978389,15.603489],[-92.001597,15.616186]]]]},"properties":{"country_code":"GTM","country_name":"Guatemala","admin_level":2,"admin_type":"municipio","admin_code":"1304","name":"Cuilco","parent_code":"13","parent_name":"Huehuetenango","source_id":"277"}},{"type":"Feature","geometry":{"type":"MultiPolygon","coordinates":[[[[-90.635543,15.590423],[-90.653265,15.590556],[-90.688664,15.571145],[-90.730606,15.56468],[-90.742375,15.552586],[-90.788323,15.548738],[-90.809185,15.524659],[-90.802096,15.510143],[-90.81387,15.476728],[-90.804488,15.461828],[-90.812921,15.423004],[-90.785629,15.432456],[-90.767847,15.372542],[-90.856477,15.358565],[-90.862516,15.34707],[-90.812258,15.331003],[-90.69263,15.344434],[-90.685984,15.338032],[-90.674448,15.350123],[-90.634202,15.311084],[-90.630416,15.250231],[-90.556011,15.247496],[-90.547961,15.220688],[-90.497684,15.265607],[-90.491064,15.281165],[-90.485726,15.323883],[-90.527755,15.3407],[-90.599572,15.340491],[-90.695341,15.366036],[-90.713862,15.389118],[-90.717775,15.419792],[-90.702084,15.443132],[-90.662791,15.435275],[-90.636295,15.4852],[-90.604234,15.505178],[-90.607965,15.538221],[-90.635543,15.590423]]]]},"properties":{"country_code":"GTM","country_name":"Guatemala","admin_level":2,"admin_type":"municipio","admin_code":"1419","name":"Chicamán","parent_code":"14","parent_name":"Quiché","source_id":"310"}},{"type":"Feature","geometry":{"type":"MultiPolygon","coordinates":[[[[-89.222412,15.290228],[-89.192445,15.282907],[-89.175653,15.267232],[-89.174655,15.208029],[-89.210489,15.189317],[-89.195576,15.172479],[-89.175019,15.085569],[-89.154252,15.067951],[-88.975431,15.136222],[-88.870152,15.222668],[-88.904544,15.27898],[-88.952724,15.289327],[-88.925178,15.312477],[-88.927053,15.33914],[-88.914737,15.364986],[-88.932801,15.372222],[-88.96234,15.407435],[-89.029672,15.413753],[-89.036991,15.438705],[-88.977923,15.46292],[-88.98308,15.515885],[-89.022091,15.476678],[-89.079365,15.427519],[-89.125407,15.407461],[-89.202218,15.407984],[-89.216282,15.415174],[-89.215524,15.392752],[-89.200255,15.375893],[-89.222412,15.290228]]]]},"properties":{"country_code":"GTM","country_name":"Guatemala","admin_level":2,"admin_type":"municipio","admin_code":"1805","name":"Los Amates","parent_code":"18","parent_name":"Izabal","source_id":"66"}},{"type":"Feature","geometry":{"type":"MultiPolygon","coordinates":[[[[-89.605976,15.523301],[-89.644747,15.465701],[-89.647606,15.408176],[-89.725709,15.372445],[-89.728415,15.352669],[-89.799949,15.340111],[-89.798329,15.23289],[-89.75761,15.227557],[-89.752339,15.196768],[-89.787376,15.169315],[-89.769862,15.146154],[-89.739135,15.145108],[-89.721018,15.148143],[-89.668716,15.12213],[-89.672821,15.149215],[-89.65309,15.16719],[-89.626832,15.161531],[-89.576041,15.241874],[-89.567307,15.266277],[-89.566686,15.309365],[-89.539586,15.31037],[-89.54445,15.34704],[-89.517734,15.358255],[-89.524577,15.38037],[-89.514123,15.415731],[-89.532942,15.424418],[-89.516905,15.451086],[-89.529643,15.465631],[-89.555375,15.466379],[-89.588941,15.482886],[-89.566924,15.498949],[-89.583033,15.521798],[-89.605976,15.523301]]]]},"properties":{"country_code":"GTM","country_name":"Guatemala","admin_level":2,"admin_type":"municipio","admin_code":"1607","name":"Panzós","parent_code":"16","parent_name":"Alta Verapaz","source_id":"25"}},{"type":"Feature","geometry":{"type":"MultiPolygon","coordinates":[[[[-91.319635,15.537716],[-91.340273,15.49728],[-91.334299,15.479726],[-91.339827,15.43185],[-91.37463,15.394421],[-91.374777,15.354427],[-91.363204,15.346904],[-91.303146,15.342995],[-91.282215,15.32712],[-91.281834,15.274986],[-91.249484,15.271756],[-91.224748,15.285724],[-91.188234,15.285416],[-91.180177,15.325305],[-91.159059,15.366207],[-91.171281,15.386466],[-91.240467,15.379327],[-91.305247,15.428654],[-91.319534,15.463394],[-91.319635,15.537716]]]]},"properties":{"country_code":"GTM","country_name":"Guatemala","admin_level":2,"admin_type":"municipio","admin_code":"1327","name":"Aguacatán","parent_code":"13","parent_name":"Huehuetenango","source_id":"273"}},{"type":"Feature","geometry":{"type":"MultiPolygon","coordinates":[[[[-91.575881,15.500454],[-91.616981,15.511231],[-91.649622,15.53737],[-91.661323,15.504849],[-91.659129,15.466222],[-91.648121,15.434193],[-91.649858,15.408798],[-91.622543,15.411134],[-91.593643,15.439762],[-91.593564,15.481227],[-91.575881,15.500454]]]]},"properties":{"country_code":"GTM","country_name":"Guatemala","admin_level":2,"admin_type":"municipio","admin_code":"1316","name":"San Juan Atitán","parent_code":"13","parent_name":"Huehuetenango","source_id":"288"}},{"type":"Feature","geometry":{"type":"MultiPolygon","coordinates":[[[[-91.659129,15.466222],[-91.709655,15.474881],[-91.717853,15.489504],[-91.74141,15.482486],[-91.751174,15.451491],[-91.752166,15.417384],[-91.699323,15.396746],[-91.659129,15.466222]]]]},"properties":{"country_code":"GTM","country_name":"Guatemala","admin_level":2,"admin_type":"municipio","admin_code":"1319","name":"Colotenango","parent_code":"13","parent_name":"Huehuetenango","source_id":"275"}},{"type":"Feature","geometry":{"type":"MultiPolygon","coordinates":[[[[-91.852514,15.496486],[-91.866829,15.441541],[-91.864716,15.421813],[-91.881211,15.362209],[-91.822172,15.330454],[-91.796433,15.330747],[-91.749515,15.344034],[-91.71401,15.341753],[-91.723496,15.378036],[-91.752166,15.417384],[-91.751174,15.451491],[-91.74141,15.482486],[-91.800344,15.50569],[-91.798135,15.520678],[-91.852514,15.496486]]]]},"properties":{"country_code":"GTM","country_name":"Guatemala","admin_level":2,"admin_type":"municipio","admin_code":"1309","name":"Ixtahuacán","parent_code":"13","parent_name":"Huehuetenango","source_id":"287"}},{"type":"Feature","geometry":{"type":"MultiPolygon","coordinates":[[[[-91.51227,15.478751],[-91.575881,15.500454],[-91.593564,15.481227],[-91.593643,15.439762],[-91.622543,15.411134],[-91.619991,15.386183],[-91.575813,15.383221],[-91.533938,15.353291],[-91.522898,15.379323],[-91.507328,15.41632],[-91.51227,15.478751]]]]},"properties":{"country_code":"GTM","country_name":"Guatemala","admin_level":2,"admin_type":"municipio","admin_code":"1320","name":"San Sebastián Huehuetenango","parent_code":"13","parent_name":"Huehuetenango","source_id":"297"}},{"type":"Feature","geometry":{"type":"MultiPolygon","coordinates":[[[[-90.264545,15.354999],[-90.225745,15.332786],[-90.197744,15.336266],[-90.111801,15.355637],[-90.111466,15.379166],[-90.248738,15.435076],[-90.323024,15.45616],[-90.332895,15.435531],[-90.352117,15.392261],[-90.325593,15.369744],[-90.270777,15.390459],[-90.264545,15.354999]]]]},"properties":{"country_code":"GTM","country_name":"Guatemala","admin_level":2,"admin_type":"municipio","admin_code":"1610","name":"San Juan Chamelco","parent_code":"16","parent_name":"Alta Verapaz","source_id":"27"}},{"type":"Feature","geometry":{"type":"MultiPolygon","coordinates":[[[[-91.659129,15.466222],[-91.699323,15.396746],[-91.69143,15.357127],[-91.656681,15.39184],[-91.649858,15.408798],[-91.648121,15.434193],[-91.659129,15.466222]]]]},"properties":{"country_code":"GTM","country_name":"Guatemala","admin_level":2,"admin_type":"municipio","admin_code":"1328","name":"San Rafael Petzal","parent_code":"13","parent_name":"Huehuetenango","source_id":"295"}},{"type":"Feature","geometry":{"type":"MultiPolygon","coordinates":[[[[-92.09463,15.459206],[-92.117805,15.423717],[-92.107259,15.407225],[-92.078067,15.392599],[-92.076778,15.277651],[-92.008827,15.264969],[-91.978933,15.296686],[-91.996478,15.328145],[-91.975802,15.3642],[-91.982644,15.403344],[-92.027398,15.447309],[-92.09463,15.459206]]]]},"properties":{"country_code":"GTM","country_name":"Guatemala","admin_level":2,"admin_type":"municipio","admin_code":"1321","name":"Tectitán","parent_code":"13","parent_name":"Huehuetenango","source_id":"303"}},{"type":"Feature","geometry":{"type":"MultiPolygon","coordinates":[[[[-91.87623,14.944623],[-91.890615,14.941309],[-91.901396,14.973501],[-91.944349,14.942832],[-91.9549,14.91826],[-91.93965,14.901714],[-91.901807,14.892778],[-91.88867,14.903529],[-91.87623,14.944623]]]]},"properties":{"country_code":"GTM","country_name":"Guatemala","admin_level":2,"admin_type":"municipio","admin_code":"1211","name":"San Rafael Pie de la Cuesta","parent_code":"12","parent_name":"San Marcos","source_id":"233"}},{"type":"Feature","geometry":{"type":"MultiPolygon","coordinates":[[[[-90.636295,15.4852],[-90.662791,15.435275],[-90.702084,15.443132],[-90.717775,15.419792],[-90.713862,15.389118],[-90.695341,15.366036],[-90.599572,15.340491],[-90.527755,15.3407],[-90.485726,15.323883],[-90.491064,15.281165],[-90.459132,15.287714],[-90.42739,15.336475],[-90.455602,15.364478],[-90.429197,15.401643],[-90.465846,15.416042],[-90.455277,15.447736],[-90.636295,15.4852]]]]},"properties":{"country_code":"GTM","country_name":"Guatemala","admin_level":2,"admin_type":"municipio","admin_code":"1603","name":"San Cristóbal Verapaz","parent_code":"16","parent_name":"Alta Verapaz","source_id":"26"}},{"type":"Feature","geometry":{"type":"MultiPolygon","coordinates":[[[[-91.171281,15.386466],[-91.159059,15.366207],[-91.077442,15.391816],[-91.057948,15.405974],[-91.021343,15.410104],[-90.987675,15.401802],[-90.939779,15.416055],[-90.922711,15.410499],[-90.887403,15.419633],[-90.871368,15.484141],[-90.909473,15.462118],[-90.973275,15.454803],[-91.006136,15.445647],[-91.018843,15.459644],[-91.064606,15.449258],[-91.108678,15.446775],[-91.12875,15.430154],[-91.149135,15.392711],[-91.171281,15.386466]]]]},"properties":{"country_code":"GTM","country_name":"Guatemala","admin_level":2,"admin_type":"municipio","admin_code":"1411","name":"San Juan Cotzal","parent_code":"14","parent_name":"Quiché","source_id":"311"}},{"type":"Feature","geometry":{"type":"MultiPolygon","coordinates":[[[[-90.692514,14.909434],[-90.848085,14.926883],[-90.874551,14.93556],[-90.901593,14.929797],[-90.89896,14.893818],[-90.879666,14.859175],[-90.854059,14.848991],[-90.86429,14.808373],[-90.872984,14.765954],[-90.845954,14.735506],[-90.812542,14.723397],[-90.750933,14.747313],[-90.69406,14.791043],[-90.692281,14.836628],[-90.662314,14.859446],[-90.6192,14.877052],[-90.62206,14.885604],[-90.662821,14.889352],[-90.692514,14.909434]]]]},"properties":{"country_code":"GTM","country_name":"Guatemala","admin_level":2,"admin_type":"municipio","admin_code":"0403","name":"San Martín Jilotepeque","parent_code":"04","parent_name":"Chimaltenango","source_id":"117"}},{"type":"Feature","geometry":{"type":"MultiPolygon","coordinates":[[[[-90.887403,15.419633],[-90.922711,15.410499],[-90.939779,15.416055],[-90.987675,15.401802],[-91.021343,15.410104],[-91.057948,15.405974],[-91.077442,15.391816],[-91.159059,15.366207],[-91.180177,15.325305],[-91.16026,15.320511],[-91.132533,15.33357],[-91.096943,15.332297],[-91.083019,15.322366],[-91.008136,15.325948],[-90.926974,15.338863],[-90.89764,15.339206],[-90.887235,15.391367],[-90.887403,15.419633]]]]},"properties":{"country_code":"GTM","country_name":"Guatemala","admin_level":2,"admin_type":"municipio","admin_code":"1410","name":"Cunén","parent_code":"14","parent_name":"Quiché","source_id":"312"}},{"type":"Feature","geometry":{"type":"MultiPolygon","coordinates":[[[[-92.117805,15.423717],[-92.161932,15.3427],[-92.210762,15.260274],[-92.140771,15.172982],[-92.087181,15.164099],[-92.048684,15.182091],[-92.008774,15.180094],[-91.993814,15.168403],[-91.944633,15.181327],[-91.975554,15.209323],[-92.007447,15.217671],[-92.008827,15.264969],[-92.076778,15.277651],[-92.078067,15.392599],[-92.107259,15.407225],[-92.117805,15.423717]]]]},"properties":{"country_code":"GTM","country_name":"Guatemala","admin_level":2,"admin_type":"municipio","admin_code":"1207","name":"Tacaná","parent_code":"12","parent_name":"San Marcos","source_id":"216"}},{"type":"Feature","geometry":{"type":"MultiPolygon","coordinates":[[[[-91.752166,15.417384],[-91.723496,15.378036],[-91.71401,15.341753],[-91.701857,15.329342],[-91.69143,15.357127],[-91.699323,15.396746],[-91.752166,15.417384]]]]},"properties":{"country_code":"GTM","country_name":"Guatemala","admin_level":2,"admin_type":"municipio","admin_code":"1329","name":"San Gaspar Ixchil","parent_code":"13","parent_name":"Huehuetenango","source_id":"286"}},{"type":"Feature","geometry":{"type":"MultiPolygon","coordinates":[[[[-91.649858,15.408798],[-91.656681,15.39184],[-91.69143,15.357127],[-91.701857,15.329342],[-91.664061,15.292714],[-91.632347,15.248634],[-91.611153,15.318281],[-91.57204,15.319244],[-91.541754,15.328661],[-91.533938,15.353291],[-91.575813,15.383221],[-91.619991,15.386183],[-91.622543,15.411134],[-91.649858,15.408798]]]]},"properties":{"country_code":"GTM","country_name":"Guatemala","admin_level":2,"admin_type":"municipio","admin_code":"1310","name":"Santa Bárbara","parent_code":"13","parent_name":"Huehuetenango","source_id":"299"}},{"type":"Feature","geometry":{"type":"MultiPolygon","coordinates":[[[[-90.429197,15.401643],[-90.455602,15.364478],[-90.42739,15.336475],[-90.459132,15.287714],[-90.410806,15.2864],[-90.378017,15.263493],[-90.396241,15.291936],[-90.379349,15.356369],[-90.373364,15.379477],[-90.429197,15.401643]]]]},"properties":{"country_code":"GTM","country_name":"Guatemala","admin_level":2,"admin_type":"municipio","admin_code":"1602","name":"Santa Cruz Verapaz","parent_code":"16","parent_name":"Alta Verapaz","source_id":"28"}},{"type":"Feature","geometry":{"type":"MultiPolygon","coordinates":[[[[-91.138528,14.739763],[-91.118022,14.767157],[-91.137622,14.760861],[-91.167185,14.747448],[-91.145962,14.731238],[-91.138528,14.739763]]]]},"properties":{"country_code":"GTM","country_name":"Guatemala","admin_level":2,"admin_type":"municipio","admin_code":"0710","name":"Panajachel","parent_code":"07","parent_name":"Sololá","source_id":"253"}},{"type":"Feature","geometry":{"type":"MultiPolygon","coordinates":[[[[-91.522898,15.379323],[-91.533938,15.353291],[-91.541754,15.328661],[-91.467028,15.320124],[-91.440631,15.326359],[-91.387855,15.314448],[-91.378878,15.248269],[-91.366584,15.222969],[-91.319097,15.252227],[-91.325899,15.26674],[-91.281834,15.274986],[-91.282215,15.32712],[-91.303146,15.342995],[-91.363204,15.346904],[-91.374777,15.354427],[-91.398508,15.361436],[-91.452961,15.351975],[-91.492717,15.374272],[-91.522898,15.379323]]]]},"properties":{"country_code":"GTM","country_name":"Guatemala","admin_level":2,"admin_type":"municipio","admin_code":"1301","name":"Huehuetenango","parent_code":"13","parent_name":"Huehuetenango","source_id":"278"}},{"type":"Feature","geometry":{"type":"MultiPolygon","coordinates":[[[[-90.111801,15.355637],[-90.197744,15.336266],[-90.201298,15.264947],[-90.054779,15.262825],[-90.021306,15.271376],[-89.949173,15.274039],[-89.917442,15.30214],[-89.959011,15.319596],[-90.002189,15.318026],[-90.028147,15.336193],[-90.111801,15.355637]]]]},"properties":{"country_code":"GTM","country_name":"Guatemala","admin_level":2,"admin_type":"municipio","admin_code":"1606","name":"Tucurú","parent_code":"16","parent_name":"Alta Verapaz","source_id":"29"}},{"type":"Feature","geometry":{"type":"MultiPolygon","coordinates":[[[[-90.263946,15.328405],[-90.295498,15.31856],[-90.271915,15.263124],[-90.238217,15.269548],[-90.201298,15.264947],[-90.197744,15.336266],[-90.225745,15.332786],[-90.264545,15.354999],[-90.263946,15.328405]]]]},"properties":{"country_code":"GTM","country_name":"Guatemala","admin_level":2,"admin_type":"municipio","admin_code":"1605","name":"Tamahú","parent_code":"16","parent_name":"Alta Verapaz","source_id":"30"}},{"type":"Feature","geometry":{"type":"MultiPolygon","coordinates":[[[[-90.379349,15.356369],[-90.396241,15.291936],[-90.378017,15.263493],[-90.333619,15.231091],[-90.330286,15.232669],[-90.304117,15.263719],[-90.271915,15.263124],[-90.295498,15.31856],[-90.263946,15.328405],[-90.379349,15.356369]]]]},"properties":{"country_code":"GTM","country_name":"Guatemala","admin_level":2,"admin_type":"municipio","admin_code":"1604","name":"Tactic","parent_code":"16","parent_name":"Alta Verapaz","source_id":"31"}},{"type":"Feature","geometry":{"type":"MultiPolygon","coordinates":[[[[-91.978933,15.296686],[-91.959688,15.282628],[-91.954293,15.257801],[-91.925388,15.251325],[-91.915555,15.221776],[-91.877678,15.22652],[-91.862536,15.218372],[-91.833762,15.237193],[-91.802458,15.251738],[-91.778207,15.285713],[-91.782415,15.30101],[-91.753097,15.323276],[-91.749515,15.344034],[-91.796433,15.330747],[-91.822172,15.330454],[-91.881211,15.362209],[-91.937129,15.322059],[-91.956348,15.320981],[-91.978933,15.296686]]]]},"properties":{"country_code":"GTM","country_name":"Guatemala","admin_level":2,"admin_type":"municipio","admin_code":"1206","name":"Concepción Tutuapa","parent_code":"12","parent_name":"San Marcos","source_id":"217"}},{"type":"Feature","geometry":{"type":"MultiPolygon","coordinates":[[[[-90.814768,15.236137],[-90.806778,15.156151],[-90.776875,15.108208],[-90.755492,15.075079],[-90.658168,15.003709],[-90.660275,14.96851],[-90.633313,14.964124],[-90.623164,14.982518],[-90.582588,15.006622],[-90.586604,15.025054],[-90.558765,15.045477],[-90.547733,15.067291],[-90.58278,15.120601],[-90.584278,15.153824],[-90.55184,15.183748],[-90.547961,15.220688],[-90.556011,15.247496],[-90.630416,15.250231],[-90.634202,15.311084],[-90.674448,15.350123],[-90.685984,15.338032],[-90.716983,15.285373],[-90.744693,15.30211],[-90.753174,15.278784],[-90.733109,15.266187],[-90.755226,15.223149],[-90.814768,15.236137]]]]},"properties":{"country_code":"GTM","country_name":"Guatemala","admin_level":2,"admin_type":"municipio","admin_code":"1504","name":"Cubulco","parent_code":"15","parent_name":"Baja Verapaz","source_id":"35"}},{"type":"Feature","geometry":{"type":"MultiPolygon","coordinates":[[[[-90.89764,15.339206],[-90.926974,15.338863],[-91.008136,15.325948],[-91.004856,15.295957],[-90.959821,15.292477],[-90.947142,15.264754],[-90.964236,15.226527],[-90.967083,15.174236],[-90.99063,15.151862],[-90.997919,15.102655],[-90.989498,15.101882],[-90.95789,15.134455],[-90.919941,15.14834],[-90.917971,15.187892],[-90.887796,15.256818],[-90.901946,15.307632],[-90.89764,15.339206]]]]},"properties":{"country_code":"GTM","country_name":"Guatemala","admin_level":2,"admin_type":"municipio","admin_code":"1414","name":"San Andrés Sajcabajá","parent_code":"14","parent_name":"Quiché","source_id":"313"}},{"type":"Feature","geometry":{"type":"MultiPolygon","coordinates":[[[[-91.749515,15.344034],[-91.753097,15.323276],[-91.782415,15.30101],[-91.778207,15.285713],[-91.802458,15.251738],[-91.833762,15.237193],[-91.812438,15.222759],[-91.795705,15.190666],[-91.737451,15.2023],[-91.683536,15.236467],[-91.666984,15.227636],[-91.632347,15.248634],[-91.664061,15.292714],[-91.701857,15.329342],[-91.71401,15.341753],[-91.749515,15.344034]]]]},"properties":{"country_code":"GTM","country_name":"Guatemala","admin_level":2,"admin_type":"municipio","admin_code":"1205","name":"San Miguel Ixtahuacán","parent_code":"12","parent_name":"San Marcos","source_id":"218"}},{"type":"Feature","geometry":{"type":"MultiPolygon","coordinates":[[[[-91.281834,15.274986],[-91.325899,15.26674],[-91.319097,15.252227],[-91.312613,15.23909],[-91.276024,15.225923],[-91.142483,15.219341],[-91.082091,15.202239],[-91.00974,15.214134],[-90.964236,15.226527],[-90.947142,15.264754],[-90.959821,15.292477],[-91.004856,15.295957],[-91.008136,15.325948],[-91.083019,15.322366],[-91.096943,15.332297],[-91.132533,15.33357],[-91.16026,15.320511],[-91.180177,15.325305],[-91.188234,15.285416],[-91.224748,15.285724],[-91.249484,15.271756],[-91.281834,15.274986]]]]},"properties":{"country_code":"GTM","country_name":"Guatemala","admin_level":2,"admin_type":"municipio","admin_code":"1416","name":"Sacapulas","parent_code":"14","parent_name":"Quiché","source_id":"314"}},{"type":"Feature","geometry":{"type":"MultiPolygon","coordinates":[[[[-91.632347,15.248634],[-91.624396,15.236915],[-91.587397,15.237409],[-91.56841,15.226177],[-91.519821,15.20762],[-91.51147,15.146116],[-91.468438,15.138954],[-91.387365,15.140889],[-91.381746,15.210627],[-91.366584,15.222969],[-91.378878,15.248269],[-91.387855,15.314448],[-91.440631,15.326359],[-91.467028,15.320124],[-91.541754,15.328661],[-91.57204,15.319244],[-91.611153,15.318281],[-91.632347,15.248634]]]]},"properties":{"country_code":"GTM","country_name":"Guatemala","admin_level":2,"admin_type":"municipio","admin_code":"1303","name":"Malacatancito","parent_code":"13","parent_name":"Huehuetenango","source_id":"282"}},{"type":"Feature","geometry":{"type":"MultiPolygon","coordinates":[[[[-91.944349,14.942832],[-91.958729,14.931614],[-92.015439,14.914749],[-92.020562,14.908383],[-92.034794,14.847722],[-92.047271,14.830106],[-92.005244,14.845217],[-91.9549,14.91826],[-91.944349,14.942832]]]]},"properties":{"country_code":"GTM","country_name":"Guatemala","admin_level":2,"admin_type":"municipio","admin_code":"1214","name":"El Rodeo","parent_code":"12","parent_name":"San Marcos","source_id":"235"}},{"type":"Feature","geometry":{"type":"MultiPolygon","coordinates":[[[[-91.270366,14.716105],[-91.275735,14.747343],[-91.289927,14.744161],[-91.286391,14.715917],[-91.281612,14.712835],[-91.270366,14.716105]]]]},"properties":{"country_code":"GTM","country_name":"Guatemala","admin_level":2,"admin_type":"municipio","admin_code":"0715","name":"San Pablo La Laguna","parent_code":"07","parent_name":"Sololá","source_id":"256"}},{"type":"Feature","geometry":{"type":"MultiPolygon","coordinates":[[[[-89.464514,15.197707],[-89.442591,15.162814],[-89.44206,15.132847],[-89.458749,15.124708],[-89.471649,15.097317],[-89.469033,15.076737],[-89.439783,15.077309],[-89.435175,15.056964],[-89.40216,15.056005],[-89.378932,15.068132],[-89.375012,15.035761],[-89.321429,15.02476],[-89.328873,15.010383],[-89.292957,15.006135],[-89.251579,15.020327],[-89.246413,15.008132],[-89.183948,15.005305],[-89.154252,15.067951],[-89.175019,15.085569],[-89.195576,15.172479],[-89.210489,15.189317],[-89.174655,15.208029],[-89.175653,15.267232],[-89.192445,15.282907],[-89.222412,15.290228],[-89.25798,15.297804],[-89.290331,15.293555],[-89.325614,15.271851],[-89.359494,15.278048],[-89.382899,15.266789],[-89.421266,15.215502],[-89.464514,15.197707]]]]},"properties":{"country_code":"GTM","country_name":"Guatemala","admin_level":2,"admin_type":"municipio","admin_code":"1904","name":"Gualán","parent_code":"19","parent_name":"Zacapa","source_id":"67"}},{"type":"Feature","geometry":{"type":"MultiPolygon","coordinates":[[[[-91.471924,14.89498],[-91.499976,14.927281],[-91.523859,14.939228],[-91.51676,14.921477],[-91.496815,14.884554],[-91.488358,14.885073],[-91.471924,14.89498]]]]},"properties":{"country_code":"GTM","country_name":"Guatemala","admin_level":2,"admin_type":"municipio","admin_code":"0804","name":"San Andrés Xecul","parent_code":"08","parent_name":"Totonicapán","source_id":"272"}},{"type":"Feature","geometry":{"type":"MultiPolygon","coordinates":[[[[-91.289927,14.744161],[-91.320235,14.747389],[-91.329102,14.73766],[-91.305187,14.722032],[-91.323715,14.692833],[-91.286391,14.715917],[-91.289927,14.744161]]]]},"properties":{"country_code":"GTM","country_name":"Guatemala","admin_level":2,"admin_type":"municipio","admin_code":"0707","name":"Santa Clara La Laguna","parent_code":"07","parent_name":"Sololá","source_id":"257"}},{"type":"Feature","geometry":{"type":"MultiPolygon","coordinates":[[[[-90.201298,15.264947],[-90.238217,15.269548],[-90.271915,15.263124],[-90.304117,15.263719],[-90.330286,15.232669],[-90.293801,15.21904],[-90.283351,15.231963],[-90.252945,15.213725],[-90.223986,15.210968],[-90.211866,15.222419],[-90.174828,15.220756],[-90.160902,15.181379],[-90.108421,15.195688],[-90.099281,15.157132],[-90.052042,15.131404],[-90.006093,15.145572],[-89.997161,15.139884],[-89.963988,15.152835],[-89.939631,15.140233],[-89.899703,15.138514],[-89.851695,15.161231],[-89.862007,15.165538],[-89.866834,15.216677],[-89.859399,15.265938],[-89.895986,15.277406],[-89.917442,15.30214],[-89.949173,15.274039],[-90.021306,15.271376],[-90.054779,15.262825],[-90.201298,15.264947]]]]},"properties":{"country_code":"GTM","country_name":"Guatemala","admin_level":2,"admin_type":"municipio","admin_code":"1508","name":"Purulhá","parent_code":"15","parent_name":"Baja Verapaz","source_id":"36"}},{"type":"Feature","geometry":{"type":"MultiPolygon","coordinates":[[[[-90.964236,15.226527],[-91.00974,15.214134],[-91.082091,15.202239],[-91.142483,15.219341],[-91.127111,15.187617],[-91.094981,15.176403],[-91.070128,15.187003],[-91.071827,15.144959],[-91.033582,15.139081],[-90.99063,15.151862],[-90.967083,15.174236],[-90.964236,15.226527]]]]},"properties":{"country_code":"GTM","country_name":"Guatemala","admin_level":2,"admin_type":"municipio","admin_code":"1417","name":"San Bartolomé Jocotenango","parent_code":"14","parent_name":"Quiché","source_id":"317"}},{"type":"Feature","geometry":{"type":"MultiPolygon","coordinates":[[[[-90.497684,15.265607],[-90.47909,15.2157],[-90.436427,15.215266],[-90.454317,15.189817],[-90.491699,15.162601],[-90.471955,15.125179],[-90.45833,15.115972],[-90.423755,15.042832],[-90.426645,15.004785],[-90.399173,14.992696],[-90.378308,15.021933],[-90.357849,15.034566],[-90.357648,15.12073],[-90.379525,15.168362],[-90.334328,15.213723],[-90.333619,15.231091],[-90.378017,15.263493],[-90.410806,15.2864],[-90.459132,15.287714],[-90.491064,15.281165],[-90.497684,15.265607]]]]},"properties":{"country_code":"GTM","country_name":"Guatemala","admin_level":2,"admin_type":"municipio","admin_code":"1502","name":"San Miguel Chicaj","parent_code":"15","parent_name":"Baja Verapaz","source_id":"37"}},{"type":"Feature","geometry":{"type":"MultiPolygon","coordinates":[[[[-92.008827,15.264969],[-92.007447,15.217671],[-91.975554,15.209323],[-91.944633,15.181327],[-91.905462,15.196572],[-91.915555,15.221776],[-91.925388,15.251325],[-91.954293,15.257801],[-91.959688,15.282628],[-91.978933,15.296686],[-92.008827,15.264969]]]]},"properties":{"country_code":"GTM","country_name":"Guatemala","admin_level":2,"admin_type":"municipio","admin_code":"1224","name":"San José Ojetenam","parent_code":"12","parent_name":"San Marcos","source_id":"219"}},{"type":"Feature","geometry":{"type":"MultiPolygon","coordinates":[[[[-90.61286,14.582696],[-90.637156,14.601849],[-90.643277,14.626395],[-90.679491,14.613164],[-90.672469,14.584459],[-90.668026,14.580892],[-90.61286,14.582696]]]]},"properties":{"country_code":"GTM","country_name":"Guatemala","admin_level":2,"admin_type":"municipio","admin_code":"0308","name":"San Lucas Sacatepéquez","parent_code":"03","parent_name":"Sacatepéquez","source_id":"150"}},{"type":"Feature","geometry":{"type":"MultiPolygon","coordinates":[[[[-91.737451,15.2023],[-91.743821,15.169225],[-91.732686,15.154114],[-91.703253,15.156255],[-91.679888,15.140598],[-91.618912,15.154326],[-91.585771,15.172022],[-91.56841,15.226177],[-91.587397,15.237409],[-91.624396,15.236915],[-91.632347,15.248634],[-91.666984,15.227636],[-91.683536,15.236467],[-91.737451,15.2023]]]]},"properties":{"country_code":"GTM","country_name":"Guatemala","admin_level":2,"admin_type":"municipio","admin_code":"1226","name":"Sipacapa","parent_code":"12","parent_name":"San Marcos","source_id":"220"}},{"type":"Feature","geometry":{"type":"MultiPolygon","coordinates":[[[[-91.649622,15.53737],[-91.706509,15.549888],[-91.717853,15.489504],[-91.709655,15.474881],[-91.659129,15.466222],[-91.661323,15.504849],[-91.649622,15.53737]]]]},"properties":{"country_code":"GTM","country_name":"Guatemala","admin_level":2,"admin_type":"municipio","admin_code":"1330","name":"Santiago Chimaltenango","parent_code":"13","parent_name":"Huehuetenango","source_id":"302"}},{"type":"Feature","geometry":{"type":"MultiPolygon","coordinates":[[[[-90.547961,15.220688],[-90.55184,15.183748],[-90.584278,15.153824],[-90.58278,15.120601],[-90.547733,15.067291],[-90.558765,15.045477],[-90.586604,15.025054],[-90.582588,15.006622],[-90.567314,15.000243],[-90.520923,15.007829],[-90.515036,15.020318],[-90.472721,15.014178],[-90.452468,14.995515],[-90.426645,15.004785],[-90.423755,15.042832],[-90.45833,15.115972],[-90.471955,15.125179],[-90.491699,15.162601],[-90.454317,15.189817],[-90.436427,15.215266],[-90.47909,15.2157],[-90.497684,15.265607],[-90.547961,15.220688]]]]},"properties":{"country_code":"GTM","country_name":"Guatemala","admin_level":2,"admin_type":"municipio","admin_code":"1503","name":"Rabinal","parent_code":"15","parent_name":"Baja Verapaz","source_id":"38"}},{"type":"Feature","geometry":{"type":"MultiPolygon","coordinates":[[[[-90.887796,15.256818],[-90.917971,15.187892],[-90.919941,15.14834],[-90.860085,15.154896],[-90.831029,15.166359],[-90.806778,15.156151],[-90.814768,15.236137],[-90.848905,15.235424],[-90.887796,15.256818]]]]},"properties":{"country_code":"GTM","country_name":"Guatemala","admin_level":2,"admin_type":"municipio","admin_code":"1418","name":"Canillá","parent_code":"14","parent_name":"Quiché","source_id":"315"}},{"type":"Feature","geometry":{"type":"MultiPolygon","coordinates":[[[[-91.795705,15.190666],[-91.789144,15.166171],[-91.769715,15.151784],[-91.772298,15.114712],[-91.793261,15.084153],[-91.813051,15.078714],[-91.790793,15.039864],[-91.763039,15.053097],[-91.725273,15.055707],[-91.707186,15.035161],[-91.696973,15.04833],[-91.700479,15.095948],[-91.702982,15.109861],[-91.679888,15.140598],[-91.703253,15.156255],[-91.732686,15.154114],[-91.743821,15.169225],[-91.737451,15.2023],[-91.795705,15.190666]]]]},"properties":{"country_code":"GTM","country_name":"Guatemala","admin_level":2,"admin_type":"municipio","admin_code":"1204","name":"Comitancillo","parent_code":"12","parent_name":"San Marcos","source_id":"222"}},{"type":"Feature","geometry":{"type":"MultiPolygon","coordinates":[[[[-90.806778,15.156151],[-90.831029,15.166359],[-90.860085,15.154896],[-90.919941,15.14834],[-90.95789,15.134455],[-90.989498,15.101882],[-90.97328,15.054398],[-90.968582,15.036413],[-90.919435,15.034384],[-90.888247,15.018648],[-90.837777,15.025311],[-90.835321,15.040006],[-90.776875,15.108208],[-90.806778,15.156151]]]]},"properties":{"country_code":"GTM","country_name":"Guatemala","admin_level":2,"admin_type":"municipio","admin_code":"1404","name":"Zacualpa","parent_code":"14","parent_name":"Quiché","source_id":"318"}},{"type":"Feature","geometry":{"type":"MultiPolygon","coordinates":[[[[-90.99063,15.151862],[-91.033582,15.139081],[-91.071827,15.144959],[-91.070128,15.187003],[-91.094981,15.176403],[-91.127111,15.187617],[-91.142483,15.219341],[-91.276024,15.225923],[-91.312613,15.23909],[-91.319715,15.202362],[-91.287782,15.166902],[-91.260482,15.162088],[-91.213405,15.101991],[-91.162936,15.097056],[-91.148629,15.085946],[-91.144924,15.102621],[-91.091389,15.110665],[-91.071359,15.098153],[-91.02866,15.105177],[-90.997919,15.102655],[-90.99063,15.151862]]]]},"properties":{"country_code":"GTM","country_name":"Guatemala","admin_level":2,"admin_type":"municipio","admin_code":"1409","name":"San Pedro Jocopilas","parent_code":"14","parent_name":"Quiché","source_id":"316"}},{"type":"Feature","geometry":{"type":"MultiPolygon","coordinates":[[[[-89.743371,14.957591],[-89.76175,15.02782],[-89.778892,15.044011],[-89.781884,15.067883],[-89.83626,15.069041],[-89.789374,15.019975],[-89.79332,15.01337],[-89.871485,15.017553],[-89.846908,14.982816],[-89.851367,14.960535],[-89.814026,14.944377],[-89.774979,14.940946],[-89.74817,14.95283],[-89.743371,14.957591]]]]},"properties":{"country_code":"GTM","country_name":"Guatemala","admin_level":2,"admin_type":"municipio","admin_code":"1906","name":"Usumatlán","parent_code":"19","parent_name":"Zacapa","source_id":"70"}},{"type":"Feature","geometry":{"type":"MultiPolygon","coordinates":[[[[-90.333619,15.231091],[-90.334328,15.213723],[-90.379525,15.168362],[-90.357648,15.12073],[-90.357849,15.034566],[-90.378308,15.021933],[-90.399173,14.992696],[-90.426645,15.004785],[-90.452468,14.995515],[-90.445423,14.98491],[-90.455794,14.938783],[-90.432504,14.909832],[-90.409117,14.911096],[-90.394759,14.874632],[-90.316842,14.875997],[-90.303818,14.885666],[-90.317504,14.913349],[-90.230056,14.97575],[-90.249273,15.012442],[-90.276488,15.014297],[-90.294189,15.042412],[-90.280544,15.099105],[-90.259763,15.095898],[-90.237616,15.112702],[-90.18676,15.127502],[-90.14985,15.113411],[-90.102287,15.114662],[-90.049353,15.108422],[-89.997161,15.139884],[-90.006093,15.145572],[-90.052042,15.131404],[-90.099281,15.157132],[-90.108421,15.195688],[-90.160902,15.181379],[-90.174828,15.220756],[-90.211866,15.222419],[-90.223986,15.210968],[-90.252945,15.213725],[-90.283351,15.231963],[-90.293801,15.21904],[-90.330286,15.232669],[-90.333619,15.231091]]]]},"properties":{"country_code":"GTM","country_name":"Guatemala","admin_level":2,"admin_type":"municipio","admin_code":"1501","name":"Salamá","parent_code":"15","parent_name":"Baja Verapaz","source_id":"39"}},{"type":"Feature","geometry":{"type":"MultiPolygon","coordinates":[[[[-91.329102,14.73766],[-91.351454,14.687924],[-91.349326,14.670901],[-91.331831,14.666047],[-91.323715,14.692833],[-91.305187,14.722032],[-91.329102,14.73766]]]]},"properties":{"country_code":"GTM","country_name":"Guatemala","admin_level":2,"admin_type":"municipio","admin_code":"0703","name":"Santa María Visitación","parent_code":"07","parent_name":"Sololá","source_id":"259"}},{"type":"Feature","geometry":{"type":"MultiPolygon","coordinates":[[[[-91.915555,15.221776],[-91.905462,15.196572],[-91.866902,15.170798],[-91.872144,15.155654],[-91.860633,15.120972],[-91.83479,15.10613],[-91.846758,15.073802],[-91.813051,15.078714],[-91.793261,15.084153],[-91.772298,15.114712],[-91.769715,15.151784],[-91.789144,15.166171],[-91.795705,15.190666],[-91.812438,15.222759],[-91.833762,15.237193],[-91.862536,15.218372],[-91.877678,15.22652],[-91.915555,15.221776]]]]},"properties":{"country_code":"GTM","country_name":"Guatemala","admin_level":2,"admin_type":"municipio","admin_code":"1210","name":"Tejutla","parent_code":"12","parent_name":"San Marcos","source_id":"221"}},{"type":"Feature","geometry":{"type":"MultiPolygon","coordinates":[[[[-91.735925,14.893252],[-91.77003,14.9225],[-91.798843,14.903972],[-91.785335,14.871483],[-91.766441,14.847191],[-91.753293,14.877703],[-91.735925,14.893252]]]]},"properties":{"country_code":"GTM","country_name":"Guatemala","admin_level":2,"admin_type":"municipio","admin_code":"1225","name":"San Cristóbal Cucho","parent_code":"12","parent_name":"San Marcos","source_id":"236"}},{"type":"Feature","geometry":{"type":"MultiPolygon","coordinates":[[[[-91.993814,15.168403],[-92.009764,15.126995],[-91.952645,15.143344],[-91.953354,15.121936],[-91.926058,15.118266],[-91.911477,15.130497],[-91.87723,15.127686],[-91.870312,15.067958],[-91.846758,15.073802],[-91.83479,15.10613],[-91.860633,15.120972],[-91.872144,15.155654],[-91.866902,15.170798],[-91.905462,15.196572],[-91.944633,15.181327],[-91.993814,15.168403]]]]},"properties":{"country_code":"GTM","country_name":"Guatemala","admin_level":2,"admin_type":"municipio","admin_code":"1223","name":"Ixchiguán","parent_code":"12","parent_name":"San Marcos","source_id":"223"}},{"type":"Feature","geometry":{"type":"MultiPolygon","coordinates":[[[[-90.730135,14.606456],[-90.780085,14.639634],[-90.789164,14.628838],[-90.806738,14.571796],[-90.799139,14.566571],[-90.785392,14.569014],[-90.751946,14.565298],[-90.750896,14.584799],[-90.730135,14.606456]]]]},"properties":{"country_code":"GTM","country_name":"Guatemala","admin_level":2,"admin_type":"municipio","admin_code":"0303","name":"Pastores","parent_code":"03","parent_name":"Sacatepéquez","source_id":"149"}},{"type":"Feature","geometry":{"type":"MultiPolygon","coordinates":[[[[-89.626832,15.161531],[-89.65309,15.16719],[-89.672821,15.149215],[-89.668716,15.12213],[-89.721018,15.148143],[-89.739135,15.145108],[-89.757165,15.11409],[-89.73162,15.080741],[-89.726903,15.041701],[-89.692624,14.990517],[-89.668311,14.994649],[-89.617733,15.008361],[-89.612776,15.020981],[-89.572711,15.0396],[-89.5557,15.031588],[-89.538326,15.049335],[-89.509332,15.053819],[-89.469033,15.076737],[-89.471649,15.097317],[-89.458749,15.124708],[-89.44206,15.132847],[-89.442591,15.162814],[-89.464514,15.197707],[-89.544711,15.172655],[-89.560663,15.180586],[-89.6131,15.160521],[-89.626832,15.161531]]]]},"properties":{"country_code":"GTM","country_name":"Guatemala","admin_level":2,"admin_type":"municipio","admin_code":"1903","name":"Río Hondo","parent_code":"19","parent_name":"Zacapa","source_id":"68"}},{"type":"Feature","geometry":{"type":"MultiPolygon","coordinates":[[[[-90.830086,14.559379],[-90.853902,14.563147],[-90.858403,14.544698],[-90.871765,14.532485],[-90.875604,14.504112],[-90.816342,14.496982],[-90.788273,14.516701],[-90.786986,14.539993],[-90.788022,14.542773],[-90.830086,14.559379]]]]},"properties":{"country_code":"GTM","country_name":"Guatemala","admin_level":2,"admin_type":"municipio","admin_code":"0313","name":"San Miguel Dueñas","parent_code":"03","parent_name":"Sacatepéquez","source_id":"156"}},{"type":"Feature","geometry":{"type":"MultiPolygon","coordinates":[[[[-91.148629,15.085946],[-91.16949,15.053947],[-91.150449,15.013306],[-91.15274,14.996388],[-91.159823,14.944747],[-91.130793,14.950375],[-91.110127,14.986824],[-91.092097,15.045848],[-91.06726,15.066336],[-91.071359,15.098153],[-91.091389,15.110665],[-91.144924,15.102621],[-91.148629,15.085946]]]]},"properties":{"country_code":"GTM","country_name":"Guatemala","admin_level":2,"admin_type":"municipio","admin_code":"1401","name":"Santa Cruz del Quiché","parent_code":"14","parent_name":"Quiché","source_id":"320"}},{"type":"Feature","geometry":{"type":"MultiPolygon","coordinates":[[[[-89.466431,14.69721],[-89.482546,14.730736],[-89.497402,14.705694],[-89.537018,14.709125],[-89.551604,14.699645],[-89.563812,14.665155],[-89.545374,14.649059],[-89.545962,14.626068],[-89.52477,14.627648],[-89.491197,14.647998],[-89.466431,14.69721]]]]},"properties":{"country_code":"GTM","country_name":"Guatemala","admin_level":2,"admin_type":"municipio","admin_code":"2010","name":"San Jacinto","parent_code":"20","parent_name":"Chiquimula","source_id":"49"}},{"type":"Feature","geometry":{"type":"MultiPolygon","coordinates":[[[[-89.787376,15.169315],[-89.824918,15.171655],[-89.851695,15.161231],[-89.899703,15.138514],[-89.861186,15.095241],[-89.83626,15.069041],[-89.781884,15.067883],[-89.778892,15.044011],[-89.76175,15.02782],[-89.743371,14.957591],[-89.674073,14.968304],[-89.668311,14.994649],[-89.692624,14.990517],[-89.726903,15.041701],[-89.73162,15.080741],[-89.757165,15.11409],[-89.739135,15.145108],[-89.769862,15.146154],[-89.787376,15.169315]]]]},"properties":{"country_code":"GTM","country_name":"Guatemala","admin_level":2,"admin_type":"municipio","admin_code":"1905","name":"Teculután","parent_code":"19","parent_name":"Zacapa","source_id":"69"}},{"type":"Feature","geometry":{"type":"MultiPolygon","coordinates":[[[[-92.140771,15.172982],[-92.059395,15.069495],[-92.018188,15.097291],[-92.009764,15.126995],[-91.993814,15.168403],[-92.008774,15.180094],[-92.048684,15.182091],[-92.087181,15.164099],[-92.140771,15.172982]]]]},"properties":{"country_code":"GTM","country_name":"Guatemala","admin_level":2,"admin_type":"municipio","admin_code":"1208","name":"Sibinal","parent_code":"12","parent_name":"San Marcos","source_id":"224"}},{"type":"Feature","geometry":{"type":"MultiPolygon","coordinates":[[[[-91.51147,15.146116],[-91.520553,15.137736],[-91.50532,15.109124],[-91.473981,15.10144],[-91.477117,15.073387],[-91.443804,15.080488],[-91.433696,15.108439],[-91.387365,15.140889],[-91.468438,15.138954],[-91.51147,15.146116]]]]},"properties":{"country_code":"GTM","country_name":"Guatemala","admin_level":2,"admin_type":"municipio","admin_code":"0808","name":"San Bartolo","parent_code":"08","parent_name":"Totonicapán","source_id":"267"}},{"type":"Feature","geometry":{"type":"MultiPolygon","coordinates":[[[[-90.997919,15.102655],[-91.02866,15.105177],[-91.071359,15.098153],[-91.06726,15.066336],[-91.026473,15.030519],[-90.97328,15.054398],[-90.989498,15.101882],[-90.997919,15.102655]]]]},"properties":{"country_code":"GTM","country_name":"Guatemala","admin_level":2,"admin_type":"municipio","admin_code":"1403","name":"Chinique","parent_code":"14","parent_name":"Quiché","source_id":"322"}},{"type":"Feature","geometry":{"type":"MultiPolygon","coordinates":[[[[-91.707186,15.035161],[-91.704146,15.007809],[-91.673061,14.998968],[-91.665767,15.027971],[-91.660141,15.058048],[-91.671797,15.060372],[-91.700479,15.095948],[-91.696973,15.04833],[-91.707186,15.035161]]]]},"properties":{"country_code":"GTM","country_name":"Guatemala","admin_level":2,"admin_type":"municipio","admin_code":"1228","name":"Río Blanco","parent_code":"12","parent_name":"San Marcos","source_id":"226"}},{"type":"Feature","geometry":{"type":"MultiPolygon","coordinates":[[[[-92.009764,15.126995],[-92.018188,15.097291],[-92.059395,15.069495],[-92.073006,15.06138],[-92.079722,15.030527],[-92.07358,14.998867],[-92.04137,14.989384],[-92.021766,15.02063],[-91.996017,15.023995],[-91.994219,14.98432],[-91.966117,14.974752],[-91.947089,15.007551],[-91.916548,15.005789],[-91.900291,15.03913],[-91.870312,15.067958],[-91.87723,15.127686],[-91.911477,15.130497],[-91.926058,15.118266],[-91.953354,15.121936],[-91.952645,15.143344],[-92.009764,15.126995]]]]},"properties":{"country_code":"GTM","country_name":"Guatemala","admin_level":2,"admin_type":"municipio","admin_code":"1209","name":"Tajumulco","parent_code":"12","parent_name":"San Marcos","source_id":"225"}},{"type":"Feature","geometry":{"type":"MultiPolygon","coordinates":[[[[-90.230056,14.97575],[-90.197633,15.002214],[-90.053966,15.105099],[-90.049353,15.108422],[-90.102287,15.114662],[-90.14985,15.113411],[-90.18676,15.127502],[-90.237616,15.112702],[-90.259763,15.095898],[-90.280544,15.099105],[-90.294189,15.042412],[-90.276488,15.014297],[-90.249273,15.012442],[-90.230056,14.97575]]]]},"properties":{"country_code":"GTM","country_name":"Guatemala","admin_level":2,"admin_type":"municipio","admin_code":"1507","name":"San Jerónimo","parent_code":"15","parent_name":"Baja Verapaz","source_id":"40"}},{"type":"Feature","geometry":{"type":"MultiPolygon","coordinates":[[[[-91.213405,15.101991],[-91.248109,15.112481],[-91.260973,15.12651],[-91.266696,15.001505],[-91.241627,14.985417],[-91.205157,15.003153],[-91.15274,14.996388],[-91.150449,15.013306],[-91.16949,15.053947],[-91.148629,15.085946],[-91.162936,15.097056],[-91.213405,15.101991]]]]},"properties":{"country_code":"GTM","country_name":"Guatemala","admin_level":2,"admin_type":"municipio","admin_code":"1408","name":"San Antonio Ilotenango","parent_code":"14","parent_name":"Quiché","source_id":"319"}},{"type":"Feature","geometry":{"type":"MultiPolygon","coordinates":[[[[-90.692514,14.909434],[-90.660275,14.96851],[-90.658168,15.003709],[-90.755492,15.075079],[-90.776875,15.108208],[-90.835321,15.040006],[-90.837777,15.025311],[-90.888247,15.018648],[-90.919435,15.034384],[-90.968582,15.036413],[-90.97211,14.990221],[-91.009502,14.976076],[-91.023091,14.945639],[-91.014858,14.931135],[-90.975112,14.935704],[-90.940985,14.924246],[-90.901593,14.929797],[-90.874551,14.93556],[-90.848085,14.926883],[-90.692514,14.909434]]]]},"properties":{"country_code":"GTM","country_name":"Guatemala","admin_level":2,"admin_type":"municipio","admin_code":"1412","name":"Joyabaj","parent_code":"14","parent_name":"Quiché","source_id":"321"}},{"type":"Feature","geometry":{"type":"MultiPolygon","coordinates":[[[[-90.032042,14.430377],[-90.039969,14.454137],[-90.0227,14.480159],[-90.04481,14.514552],[-90.098107,14.521098],[-90.116153,14.53001],[-90.12838,14.488792],[-90.121547,14.464601],[-90.098972,14.448593],[-90.057942,14.420249],[-90.032042,14.430377]]]]},"properties":{"country_code":"GTM","country_name":"Guatemala","admin_level":2,"admin_type":"municipio","admin_code":"2105","name":"San Carlos Alzatate","parent_code":"21","parent_name":"Jalapa","source_id":"84"}},{"type":"Feature","geometry":{"type":"MultiPolygon","coordinates":[[[[-91.87623,14.944623],[-91.840958,14.96351],[-91.801823,14.933268],[-91.812333,14.91698],[-91.798843,14.903972],[-91.77003,14.9225],[-91.791707,14.965843],[-91.815403,14.991149],[-91.814857,15.008565],[-91.788928,15.021491],[-91.790793,15.039864],[-91.813051,15.078714],[-91.846758,15.073802],[-91.870312,15.067958],[-91.900291,15.03913],[-91.88133,15.038347],[-91.850709,14.998653],[-91.874085,14.980821],[-91.901396,14.973501],[-91.890615,14.941309],[-91.87623,14.944623]]]]},"properties":{"country_code":"GTM","country_name":"Guatemala","admin_level":2,"admin_type":"municipio","admin_code":"1201","name":"San Marcos","parent_code":"12","parent_name":"San Marcos","source_id":"227"}},{"type":"Feature","geometry":{"type":"MultiPolygon","coordinates":[[[[-90.97328,15.054398],[-91.026473,15.030519],[-91.06726,15.066336],[-91.092097,15.045848],[-91.110127,14.986824],[-91.130793,14.950375],[-91.093505,14.970578],[-91.054766,14.972464],[-91.017291,14.994207],[-91.009502,14.976076],[-90.97211,14.990221],[-90.968582,15.036413],[-90.97328,15.054398]]]]},"properties":{"country_code":"GTM","country_name":"Guatemala","admin_level":2,"admin_type":"municipio","admin_code":"1402","name":"Chiché","parent_code":"14","parent_name":"Quiché","source_id":"323"}},{"type":"Feature","geometry":{"type":"MultiPolygon","coordinates":[[[[-91.790793,15.039864],[-91.788928,15.021491],[-91.756465,14.996085],[-91.704146,15.007809],[-91.707186,15.035161],[-91.725273,15.055707],[-91.763039,15.053097],[-91.790793,15.039864]]]]},"properties":{"country_code":"GTM","country_name":"Guatemala","admin_level":2,"admin_type":"municipio","admin_code":"1229","name":"San Lorenzo","parent_code":"12","parent_name":"San Marcos","source_id":"228"}},{"type":"Feature","geometry":{"type":"MultiPolygon","coordinates":[[[[-89.814026,14.944377],[-89.818999,14.933315],[-89.816994,14.907188],[-89.841503,14.898228],[-89.862114,14.871757],[-89.820163,14.843379],[-89.710767,14.828275],[-89.696251,14.854827],[-89.728995,14.874072],[-89.717988,14.905879],[-89.740034,14.917641],[-89.74817,14.95283],[-89.774979,14.940946],[-89.814026,14.944377]]]]},"properties":{"country_code":"GTM","country_name":"Guatemala","admin_level":2,"admin_type":"municipio","admin_code":"1907","name":"Cabañas","parent_code":"19","parent_name":"Zacapa","source_id":"72"}},{"type":"Feature","geometry":{"type":"MultiPolygon","coordinates":[[[[-89.328873,15.010383],[-89.326529,14.981341],[-89.371898,14.943012],[-89.398701,14.929653],[-89.408299,14.902474],[-89.378308,14.894395],[-89.350028,14.903134],[-89.315027,14.910981],[-89.281221,14.894385],[-89.259472,14.900369],[-89.22048,14.949837],[-89.200511,14.947637],[-89.179398,14.922263],[-89.1572,14.982369],[-89.183948,15.005305],[-89.246413,15.008132],[-89.251579,15.020327],[-89.292957,15.006135],[-89.328873,15.010383]]]]},"properties":{"country_code":"GTM","country_name":"Guatemala","admin_level":2,"admin_type":"municipio","admin_code":"1909","name":"La Unión","parent_code":"19","parent_name":"Zacapa","source_id":"71"}},{"type":"Feature","geometry":{"type":"MultiPolygon","coordinates":[[[[-91.901396,14.973501],[-91.874085,14.980821],[-91.850709,14.998653],[-91.88133,15.038347],[-91.900291,15.03913],[-91.916548,15.005789],[-91.947089,15.007551],[-91.966117,14.974752],[-91.994219,14.98432],[-91.996017,15.023995],[-92.021766,15.02063],[-92.04137,14.989384],[-92.032101,14.945631],[-92.037319,14.913714],[-92.015439,14.914749],[-91.958729,14.931614],[-91.944349,14.942832],[-91.901396,14.973501]]]]},"properties":{"country_code":"GTM","country_name":"Guatemala","admin_level":2,"admin_type":"municipio","admin_code":"1219","name":"San Pablo","parent_code":"12","parent_name":"San Marcos","source_id":"229"}},{"type":"Feature","geometry":{"type":"MultiPolygon","coordinates":[[[[-90.520923,15.007829],[-90.542004,14.997749],[-90.543222,14.958775],[-90.509083,14.940123],[-90.512602,14.909525],[-90.498238,14.895238],[-90.470087,14.879696],[-90.436195,14.886215],[-90.432504,14.909832],[-90.455794,14.938783],[-90.445423,14.98491],[-90.452468,14.995515],[-90.472721,15.014178],[-90.515036,15.020318],[-90.520923,15.007829]]]]},"properties":{"country_code":"GTM","country_name":"Guatemala","admin_level":2,"admin_type":"municipio","admin_code":"1506","name":"El Chol","parent_code":"15","parent_name":"Baja Verapaz","source_id":"41"}},{"type":"Feature","geometry":{"type":"MultiPolygon","coordinates":[[[[-92.015439,14.914749],[-92.037319,14.913714],[-92.032101,14.945631],[-92.04137,14.989384],[-92.07358,14.998867],[-92.079722,15.030527],[-92.098664,15.011198],[-92.127142,15.014849],[-92.150721,14.985184],[-92.148428,14.946595],[-92.13748,14.898497],[-92.149392,14.868552],[-92.171079,14.860805],[-92.182744,14.830062],[-92.177517,14.803642],[-92.130877,14.805937],[-92.08444,14.878526],[-92.055154,14.907841],[-92.020562,14.908383],[-92.015439,14.914749]]]]},"properties":{"country_code":"GTM","country_name":"Guatemala","admin_level":2,"admin_type":"municipio","admin_code":"1215","name":"Malacatán","parent_code":"12","parent_name":"San Marcos","source_id":"230"}},{"type":"Feature","geometry":{"type":"MultiPolygon","coordinates":[[[[-91.15274,14.996388],[-91.205157,15.003153],[-91.241627,14.985417],[-91.241048,14.946715],[-91.211893,14.938488],[-91.159823,14.944747],[-91.15274,14.996388]]]]},"properties":{"country_code":"GTM","country_name":"Guatemala","admin_level":2,"admin_type":"municipio","admin_code":"1407","name":"Patzité","parent_code":"14","parent_name":"Quiché","source_id":"324"}},{"type":"Feature","geometry":{"type":"MultiPolygon","coordinates":[[[[-91.88867,14.903529],[-91.862105,14.886698],[-91.828826,14.897248],[-91.812333,14.91698],[-91.801823,14.933268],[-91.840958,14.96351],[-91.87623,14.944623],[-91.88867,14.903529]]]]},"properties":{"country_code":"GTM","country_name":"Guatemala","admin_level":2,"admin_type":"municipio","admin_code":"1227","name":"Esquipulas Palo Gordo","parent_code":"12","parent_name":"San Marcos","source_id":"234"}},{"type":"Feature","geometry":{"type":"MultiPolygon","coordinates":[[[[-90.6192,14.877052],[-90.569588,14.873437],[-90.539067,14.883999],[-90.498238,14.895238],[-90.512602,14.909525],[-90.509083,14.940123],[-90.543222,14.958775],[-90.542004,14.997749],[-90.520923,15.007829],[-90.567314,15.000243],[-90.582588,15.006622],[-90.623164,14.982518],[-90.633313,14.964124],[-90.660275,14.96851],[-90.636165,14.927035],[-90.615637,14.914679],[-90.62206,14.885604],[-90.6192,14.877052]]]]},"properties":{"country_code":"GTM","country_name":"Guatemala","admin_level":2,"admin_type":"municipio","admin_code":"1505","name":"Granados","parent_code":"15","parent_name":"Baja Verapaz","source_id":"42"}},{"type":"Feature","geometry":{"type":"MultiPolygon","coordinates":[[[[-91.735925,14.893252],[-91.712828,14.9002],[-91.725556,14.923885],[-91.744952,14.936243],[-91.741307,14.974418],[-91.706467,14.979146],[-91.704146,15.007809],[-91.756465,14.996085],[-91.788928,15.021491],[-91.814857,15.008565],[-91.815403,14.991149],[-91.791707,14.965843],[-91.77003,14.9225],[-91.735925,14.893252]]]]},"properties":{"country_code":"GTM","country_name":"Guatemala","admin_level":2,"admin_type":"municipio","admin_code":"1202","name":"San Pedro Sacatepéquez","parent_code":"12","parent_name":"San Marcos","source_id":"231"}},{"type":"Feature","geometry":{"type":"MultiPolygon","coordinates":[[[[-91.704146,15.007809],[-91.706467,14.979146],[-91.741307,14.974418],[-91.744952,14.936243],[-91.725556,14.923885],[-91.681412,14.946891],[-91.676397,14.963502],[-91.673061,14.998968],[-91.704146,15.007809]]]]},"properties":{"country_code":"GTM","country_name":"Guatemala","admin_level":2,"admin_type":"municipio","admin_code":"1203","name":"San Antonio Sacatepéquez","parent_code":"12","parent_name":"San Marcos","source_id":"232"}},{"type":"Feature","geometry":{"type":"MultiPolygon","coordinates":[[[[-91.159823,14.944747],[-91.211893,14.938488],[-91.176504,14.896433],[-91.157551,14.87462],[-91.134819,14.870086],[-91.105193,14.840913],[-91.135882,14.805672],[-91.110791,14.783332],[-91.084588,14.815079],[-91.072337,14.805883],[-91.021099,14.823311],[-91.044874,14.843616],[-91.02498,14.880483],[-91.028024,14.909516],[-91.014858,14.931135],[-91.023091,14.945639],[-91.009502,14.976076],[-91.017291,14.994207],[-91.054766,14.972464],[-91.093505,14.970578],[-91.130793,14.950375],[-91.159823,14.944747]]]]},"properties":{"country_code":"GTM","country_name":"Guatemala","admin_level":2,"admin_type":"municipio","admin_code":"1406","name":"Chichicastenango","parent_code":"14","parent_name":"Quiché","source_id":"325"}},{"type":"Feature","geometry":{"type":"MultiPolygon","coordinates":[[[[-89.350028,14.903134],[-89.348274,14.893708],[-89.37774,14.847206],[-89.367124,14.791552],[-89.318511,14.78794],[-89.294844,14.793999],[-89.230595,14.786398],[-89.198123,14.802041],[-89.224642,14.834765],[-89.228283,14.874066],[-89.179398,14.922263],[-89.200511,14.947637],[-89.22048,14.949837],[-89.259472,14.900369],[-89.281221,14.894385],[-89.315027,14.910981],[-89.350028,14.903134]]]]},"properties":{"country_code":"GTM","country_name":"Guatemala","admin_level":2,"admin_type":"municipio","admin_code":"2005","name":"Camotán","parent_code":"20","parent_name":"Chiquimula","source_id":"43"}},{"type":"Feature","geometry":{"type":"MultiPolygon","coordinates":[[[[-90.62206,14.885604],[-90.615637,14.914679],[-90.636165,14.927035],[-90.660275,14.96851],[-90.692514,14.909434],[-90.662821,14.889352],[-90.62206,14.885604]]]]},"properties":{"country_code":"GTM","country_name":"Guatemala","admin_level":2,"admin_type":"municipio","admin_code":"1421","name":"Pachalum","parent_code":"14","parent_name":"Quiché","source_id":"326"}},{"type":"Feature","geometry":{"type":"MultiPolygon","coordinates":[[[[-91.566386,14.6297],[-91.61673,14.611735],[-91.627412,14.597358],[-91.588606,14.600452],[-91.566386,14.6297]]]]},"properties":{"country_code":"GTM","country_name":"Guatemala","admin_level":2,"admin_type":"municipio","admin_code":"1104","name":"San Martín Zapotitlán","parent_code":"11","parent_name":"Retalhuleu","source_id":"165"}},{"type":"Feature","geometry":{"type":"MultiPolygon","coordinates":[[[[-91.241048,14.946715],[-91.289882,14.935849],[-91.342093,14.939312],[-91.365174,14.954337],[-91.417097,14.961294],[-91.405566,14.944755],[-91.419962,14.924806],[-91.424884,14.89766],[-91.439302,14.890677],[-91.445962,14.863002],[-91.422499,14.849057],[-91.404235,14.822749],[-91.361759,14.850261],[-91.337273,14.875605],[-91.30732,14.875836],[-91.262787,14.844958],[-91.211959,14.860812],[-91.206836,14.883523],[-91.176504,14.896433],[-91.211893,14.938488],[-91.241048,14.946715]]]]},"properties":{"country_code":"GTM","country_name":"Guatemala","admin_level":2,"admin_type":"municipio","admin_code":"0801","name":"Totonicapán","parent_code":"08","parent_name":"Totonicapán","source_id":"271"}},{"type":"Feature","geometry":{"type":"MultiPolygon","coordinates":[[[[-89.818999,14.933315],[-89.848934,14.924313],[-89.920028,14.915927],[-89.980493,14.915664],[-89.988059,14.88853],[-89.983214,14.871025],[-89.999927,14.851479],[-89.968948,14.840899],[-89.931358,14.847023],[-89.884599,14.873243],[-89.862114,14.871757],[-89.841503,14.898228],[-89.816994,14.907188],[-89.818999,14.933315]]]]},"properties":{"country_code":"GTM","country_name":"Guatemala","admin_level":2,"admin_type":"municipio","admin_code":"0205","name":"El Jícaro","parent_code":"02","parent_name":"El Progreso","source_id":"57"}},{"type":"Feature","geometry":{"type":"MultiPolygon","coordinates":[[[[-91.51676,14.921477],[-91.55051,14.917668],[-91.579482,14.905237],[-91.579814,14.897721],[-91.559865,14.882929],[-91.542664,14.86758],[-91.496815,14.884554],[-91.51676,14.921477]]]]},"properties":{"country_code":"GTM","country_name":"Guatemala","admin_level":2,"admin_type":"municipio","admin_code":"0903","name":"Olintepeque","parent_code":"09","parent_name":"Quetzaltenango","source_id":"201"}},{"type":"Feature","geometry":{"type":"MultiPolygon","coordinates":[[[[-92.020562,14.908383],[-92.055154,14.907841],[-92.08444,14.878526],[-92.130877,14.805937],[-92.101669,14.802734],[-92.07454,14.78832],[-92.050289,14.799866],[-92.047271,14.830106],[-92.034794,14.847722],[-92.020562,14.908383]]]]},"properties":{"country_code":"GTM","country_name":"Guatemala","admin_level":2,"admin_type":"municipio","admin_code":"1216","name":"Catarina","parent_code":"12","parent_name":"San Marcos","source_id":"239"}},{"type":"Feature","geometry":{"type":"MultiPolygon","coordinates":[[[[-89.988059,14.88853],[-90.023827,14.88662],[-90.037687,14.916844],[-90.082226,14.911677],[-90.113673,14.91083],[-90.141429,14.887546],[-90.176697,14.880952],[-90.178058,14.851845],[-90.109685,14.803372],[-90.094175,14.78971],[-90.036475,14.808062],[-90.00426,14.805944],[-89.961972,14.794481],[-89.929194,14.82096],[-89.931358,14.847023],[-89.968948,14.840899],[-89.999927,14.851479],[-89.983214,14.871025],[-89.988059,14.88853]]]]},"properties":{"country_code":"GTM","country_name":"Guatemala","admin_level":2,"admin_type":"municipio","admin_code":"0201","name":"Guastatoya","parent_code":"02","parent_name":"El Progreso","source_id":"58"}},{"type":"Feature","geometry":{"type":"MultiPolygon","coordinates":[[[[-89.408299,14.902474],[-89.466429,14.900168],[-89.48865,14.889593],[-89.501459,14.862543],[-89.469847,14.859456],[-89.451146,14.803452],[-89.456468,14.780359],[-89.432726,14.794169],[-89.410212,14.78128],[-89.38362,14.722201],[-89.368693,14.723105],[-89.333187,14.749525],[-89.306965,14.731319],[-89.228741,14.751928],[-89.230595,14.786398],[-89.294844,14.793999],[-89.318511,14.78794],[-89.367124,14.791552],[-89.37774,14.847206],[-89.348274,14.893708],[-89.350028,14.903134],[-89.378308,14.894395],[-89.408299,14.902474]]]]},"properties":{"country_code":"GTM","country_name":"Guatemala","admin_level":2,"admin_type":"municipio","admin_code":"2004","name":"Jocotán","parent_code":"20","parent_name":"Chiquimula","source_id":"44"}},{"type":"Feature","geometry":{"type":"MultiPolygon","coordinates":[[[[-91.9549,14.91826],[-92.005244,14.845217],[-92.047271,14.830106],[-92.050289,14.799866],[-92.029117,14.808991],[-91.970115,14.771169],[-91.95904,14.77761],[-91.923117,14.829891],[-91.882749,14.841299],[-91.83727,14.874731],[-91.828826,14.897248],[-91.862105,14.886698],[-91.88867,14.903529],[-91.901807,14.892778],[-91.93965,14.901714],[-91.9549,14.91826]]]]},"properties":{"country_code":"GTM","country_name":"Guatemala","admin_level":2,"admin_type":"municipio","admin_code":"1213","name":"El Tumbador","parent_code":"12","parent_name":"San Marcos","source_id":"237"}},{"type":"Feature","geometry":{"type":"MultiPolygon","coordinates":[[[[-91.812333,14.91698],[-91.828826,14.897248],[-91.83727,14.874731],[-91.882749,14.841299],[-91.923117,14.829891],[-91.95904,14.77761],[-91.970115,14.771169],[-91.967566,14.759197],[-92.009838,14.729217],[-92.011566,14.718822],[-91.96207,14.716039],[-91.920115,14.726276],[-91.91313,14.744034],[-91.880123,14.780451],[-91.851387,14.796111],[-91.834455,14.841351],[-91.838352,14.8592],[-91.807936,14.884294],[-91.798843,14.903972],[-91.812333,14.91698]]]]},"properties":{"country_code":"GTM","country_name":"Guatemala","admin_level":2,"admin_type":"municipio","admin_code":"1212","name":"Nuevo Progreso","parent_code":"12","parent_name":"San Marcos","source_id":"238"}},{"type":"Feature","geometry":{"type":"MultiPolygon","coordinates":[[[[-89.820163,14.843379],[-89.826165,14.816065],[-89.812294,14.791404],[-89.75239,14.742541],[-89.720412,14.750869],[-89.703497,14.7814],[-89.710767,14.828275],[-89.820163,14.843379]]]]},"properties":{"country_code":"GTM","country_name":"Guatemala","admin_level":2,"admin_type":"municipio","admin_code":"1908","name":"San Diego","parent_code":"19","parent_name":"Zacapa","source_id":"73"}},{"type":"Feature","geometry":{"type":"MultiPolygon","coordinates":[[[[-91.798843,14.903972],[-91.807936,14.884294],[-91.838352,14.8592],[-91.834455,14.841351],[-91.851387,14.796111],[-91.880123,14.780451],[-91.91313,14.744034],[-91.87677,14.740722],[-91.817359,14.784963],[-91.803228,14.820577],[-91.796102,14.861569],[-91.785335,14.871483],[-91.798843,14.903972]]]]},"properties":{"country_code":"GTM","country_name":"Guatemala","admin_level":2,"admin_type":"municipio","admin_code":"1221","name":"La Reforma","parent_code":"12","parent_name":"San Marcos","source_id":"240"}},{"type":"Feature","geometry":{"type":"MultiPolygon","coordinates":[[[[-91.488358,14.885073],[-91.471187,14.855676],[-91.445962,14.863002],[-91.439302,14.890677],[-91.471924,14.89498],[-91.488358,14.885073]]]]},"properties":{"country_code":"GTM","country_name":"Guatemala","admin_level":2,"admin_type":"municipio","admin_code":"0902","name":"Salcajá","parent_code":"09","parent_name":"Quetzaltenango","source_id":"203"}},{"type":"Feature","geometry":{"type":"MultiPolygon","coordinates":[[[[-90.923794,14.792866],[-90.935866,14.811756],[-90.952444,14.896872],[-90.964247,14.848075],[-90.991717,14.802868],[-90.975099,14.780006],[-90.937816,14.782715],[-90.923794,14.792866]]]]},"properties":{"country_code":"GTM","country_name":"Guatemala","admin_level":2,"admin_type":"municipio","admin_code":"0405","name":"Santa Apolonia","parent_code":"04","parent_name":"Chimaltenango","source_id":"119"}},{"type":"Feature","geometry":{"type":"MultiPolygon","coordinates":[[[[-90.394759,14.874632],[-90.40356,14.845901],[-90.33879,14.835582],[-90.327191,14.81303],[-90.293259,14.812656],[-90.266697,14.801789],[-90.233748,14.775372],[-90.214882,14.734128],[-90.198429,14.714956],[-90.211883,14.670391],[-90.193485,14.668515],[-90.169556,14.696149],[-90.174901,14.708186],[-90.165379,14.776046],[-90.109685,14.803372],[-90.178058,14.851845],[-90.176697,14.880952],[-90.242347,14.875468],[-90.303818,14.885666],[-90.316842,14.875997],[-90.394759,14.874632]]]]},"properties":{"country_code":"GTM","country_name":"Guatemala","admin_level":2,"admin_type":"municipio","admin_code":"0206","name":"Sanarate","parent_code":"02","parent_name":"El Progreso","source_id":"61"}},{"type":"Feature","geometry":{"type":"MultiPolygon","coordinates":[[[[-89.862114,14.871757],[-89.884599,14.873243],[-89.931358,14.847023],[-89.929194,14.82096],[-89.922884,14.754497],[-89.943594,14.671579],[-89.946239,14.611679],[-89.931562,14.604513],[-89.923405,14.571451],[-89.869941,14.582276],[-89.836501,14.559051],[-89.807193,14.553814],[-89.754609,14.585983],[-89.77969,14.654248],[-89.773703,14.675639],[-89.753705,14.686903],[-89.75239,14.742541],[-89.812294,14.791404],[-89.826165,14.816065],[-89.820163,14.843379],[-89.862114,14.871757]]]]},"properties":{"country_code":"GTM","country_name":"Guatemala","admin_level":2,"admin_type":"municipio","admin_code":"2102","name":"San Pedro Pinula","parent_code":"21","parent_name":"Jalapa","source_id":"78"}},{"type":"Feature","geometry":{"type":"MultiPolygon","coordinates":[[[[-91.541879,14.629228],[-91.490078,14.706213],[-91.516513,14.685513],[-91.538937,14.672952],[-91.556635,14.63734],[-91.541879,14.629228]]]]},"properties":{"country_code":"GTM","country_name":"Guatemala","admin_level":2,"admin_type":"municipio","admin_code":"1019","name":"Pueblo Nuevo","parent_code":"10","parent_name":"Suchitepéquez","source_id":"171"}},{"type":"Feature","geometry":{"type":"MultiPolygon","coordinates":[[[[-91.785335,14.871483],[-91.796102,14.861569],[-91.803228,14.820577],[-91.817359,14.784963],[-91.87677,14.740722],[-91.91313,14.744034],[-91.920115,14.726276],[-91.880209,14.717745],[-91.830133,14.719694],[-91.788106,14.741507],[-91.775522,14.792918],[-91.779617,14.816168],[-91.766441,14.847191],[-91.785335,14.871483]]]]},"properties":{"country_code":"GTM","country_name":"Guatemala","admin_level":2,"admin_type":"municipio","admin_code":"1220","name":"El Quetzal","parent_code":"12","parent_name":"San Marcos","source_id":"241"}},{"type":"Feature","geometry":{"type":"MultiPolygon","coordinates":[[[[-90.424377,14.825354],[-90.477284,14.822675],[-90.495134,14.806043],[-90.489815,14.762562],[-90.473835,14.755517],[-90.472046,14.726574],[-90.451894,14.705926],[-90.410509,14.710061],[-90.41094,14.744355],[-90.386763,14.77367],[-90.391507,14.803772],[-90.424377,14.825354]]]]},"properties":{"country_code":"GTM","country_name":"Guatemala","admin_level":2,"admin_type":"municipio","admin_code":"0107","name":"San Pedro Ayampuc","parent_code":"01","parent_name":"Guatemala","source_id":"5"}},{"type":"Feature","geometry":{"type":"MultiPolygon","coordinates":[[[[-90.672841,14.679553],[-90.675859,14.700916],[-90.711119,14.691616],[-90.734589,14.695369],[-90.729283,14.656387],[-90.67317,14.66838],[-90.672841,14.679553]]]]},"properties":{"country_code":"GTM","country_name":"Guatemala","admin_level":2,"admin_type":"municipio","admin_code":"0305","name":"Santo Domingo Xenacoj","parent_code":"03","parent_name":"Sacatepéquez","source_id":"147"}},{"type":"Feature","geometry":{"type":"MultiPolygon","coordinates":[[[[-90.032042,14.430377],[-89.991307,14.440877],[-89.982734,14.453572],[-89.934383,14.530157],[-89.939279,14.551958],[-89.923405,14.571451],[-89.931562,14.604513],[-89.946239,14.611679],[-89.943594,14.671579],[-89.922884,14.754497],[-89.929194,14.82096],[-89.961972,14.794481],[-90.00426,14.805944],[-90.034708,14.774396],[-90.043772,14.735218],[-90.064111,14.702111],[-90.099388,14.71321],[-90.169556,14.696149],[-90.193485,14.668515],[-90.176569,14.616573],[-90.148144,14.60524],[-90.14435,14.571425],[-90.116153,14.53001],[-90.098107,14.521098],[-90.04481,14.514552],[-90.0227,14.480159],[-90.039969,14.454137],[-90.032042,14.430377]]]]},"properties":{"country_code":"GTM","country_name":"Guatemala","admin_level":2,"admin_type":"municipio","admin_code":"2101","name":"Jalapa","parent_code":"21","parent_name":"Jalapa","source_id":"79"}},{"type":"Feature","geometry":{"type":"MultiPolygon","coordinates":[[[[-89.466431,14.69721],[-89.409412,14.698062],[-89.38344,14.691772],[-89.368693,14.723105],[-89.38362,14.722201],[-89.410212,14.78128],[-89.432726,14.794169],[-89.456468,14.780359],[-89.453937,14.760224],[-89.482546,14.730736],[-89.466431,14.69721]]]]},"properties":{"country_code":"GTM","country_name":"Guatemala","admin_level":2,"admin_type":"municipio","admin_code":"2003","name":"San Juan Ermita","parent_code":"20","parent_name":"Chiquimula","source_id":"46"}},{"type":"Feature","geometry":{"type":"MultiPolygon","coordinates":[[[[-91.460989,14.823631],[-91.482815,14.830733],[-91.500205,14.800847],[-91.474609,14.792767],[-91.460989,14.823631]]]]},"properties":{"country_code":"GTM","country_name":"Guatemala","admin_level":2,"admin_type":"municipio","admin_code":"0913","name":"Almolonga","parent_code":"09","parent_name":"Quetzaltenango","source_id":"210"}},{"type":"Feature","geometry":{"type":"MultiPolygon","coordinates":[[[[-91.138528,14.739763],[-91.11683,14.70436],[-91.077466,14.693754],[-91.075196,14.704481],[-91.086068,14.754041],[-91.072337,14.805883],[-91.084588,14.815079],[-91.110791,14.783332],[-91.118022,14.767157],[-91.138528,14.739763]]]]},"properties":{"country_code":"GTM","country_name":"Guatemala","admin_level":2,"admin_type":"municipio","admin_code":"0709","name":"San Andrés Semetabaj","parent_code":"07","parent_name":"Sololá","source_id":"250"}},{"type":"Feature","geometry":{"type":"MultiPolygon","coordinates":[[[[-89.230595,14.786398],[-89.228741,14.751928],[-89.258551,14.699616],[-89.282163,14.690972],[-89.279238,14.666858],[-89.31064,14.642269],[-89.339152,14.652378],[-89.364853,14.647366],[-89.370932,14.594227],[-89.426864,14.573921],[-89.396968,14.551076],[-89.390606,14.507083],[-89.394552,14.474583],[-89.353606,14.461],[-89.350042,14.471885],[-89.302097,14.49455],[-89.274736,14.542638],[-89.236628,14.585283],[-89.160997,14.572526],[-89.148668,14.601007],[-89.155304,14.653331],[-89.132352,14.713094],[-89.166533,14.731526],[-89.169138,14.774912],[-89.198123,14.802041],[-89.230595,14.786398]]]]},"properties":{"country_code":"GTM","country_name":"Guatemala","admin_level":2,"admin_type":"municipio","admin_code":"2007","name":"Esquipulas","parent_code":"20","parent_name":"Chiquimula","source_id":"45"}},{"type":"Feature","geometry":{"type":"MultiPolygon","coordinates":[[[[-89.368693,14.723105],[-89.38344,14.691772],[-89.359439,14.663083],[-89.364853,14.647366],[-89.339152,14.652378],[-89.31064,14.642269],[-89.279238,14.666858],[-89.282163,14.690972],[-89.258551,14.699616],[-89.228741,14.751928],[-89.306965,14.731319],[-89.333187,14.749525],[-89.368693,14.723105]]]]},"properties":{"country_code":"GTM","country_name":"Guatemala","admin_level":2,"admin_type":"municipio","admin_code":"2006","name":"Olopa","parent_code":"20","parent_name":"Chiquimula","source_id":"48"}},{"type":"Feature","geometry":{"type":"MultiPolygon","coordinates":[[[[-92.07454,14.78832],[-92.074041,14.743293],[-92.088163,14.730868],[-92.115916,14.739728],[-92.119382,14.677598],[-92.135937,14.627713],[-92.116231,14.641097],[-92.087023,14.679269],[-92.06881,14.68426],[-92.048467,14.709711],[-92.011566,14.718822],[-92.009838,14.729217],[-91.967566,14.759197],[-91.970115,14.771169],[-92.029117,14.808991],[-92.050289,14.799866],[-92.07454,14.78832]]]]},"properties":{"country_code":"GTM","country_name":"Guatemala","admin_level":2,"admin_type":"municipio","admin_code":"1222","name":"Pajapita","parent_code":"12","parent_name":"San Marcos","source_id":"242"}},{"type":"Feature","geometry":{"type":"MultiPolygon","coordinates":[[[[-91.118022,14.767157],[-91.110791,14.783332],[-91.135882,14.805672],[-91.156579,14.780005],[-91.137622,14.760861],[-91.118022,14.767157]]]]},"properties":{"country_code":"GTM","country_name":"Guatemala","admin_level":2,"admin_type":"municipio","admin_code":"0708","name":"Concepción","parent_code":"07","parent_name":"Sololá","source_id":"251"}},{"type":"Feature","geometry":{"type":"MultiPolygon","coordinates":[[[[-89.75239,14.742541],[-89.753705,14.686903],[-89.773703,14.675639],[-89.77969,14.654248],[-89.754609,14.585983],[-89.746531,14.550845],[-89.693993,14.557941],[-89.672413,14.598734],[-89.661804,14.649043],[-89.646626,14.678857],[-89.675436,14.713102],[-89.67277,14.751327],[-89.720412,14.750869],[-89.75239,14.742541]]]]},"properties":{"country_code":"GTM","country_name":"Guatemala","admin_level":2,"admin_type":"municipio","admin_code":"2103","name":"San Luis Jilotepeque","parent_code":"21","parent_name":"Jalapa","source_id":"80"}},{"type":"Feature","geometry":{"type":"MultiPolygon","coordinates":[[[[-92.177517,14.803642],[-92.160753,14.763407],[-92.169701,14.746154],[-92.147579,14.717259],[-92.147402,14.655765],[-92.180271,14.62057],[-92.176442,14.607314],[-92.137571,14.615992],[-92.137131,14.616825],[-92.135937,14.627713],[-92.119382,14.677598],[-92.115916,14.739728],[-92.088163,14.730868],[-92.074041,14.743293],[-92.07454,14.78832],[-92.101669,14.802734],[-92.130877,14.805937],[-92.177517,14.803642]]]]},"properties":{"country_code":"GTM","country_name":"Guatemala","admin_level":2,"admin_type":"municipio","admin_code":"1217","name":"Ayutla","parent_code":"12","parent_name":"San Marcos","source_id":"243"}},{"type":"Feature","geometry":{"type":"MultiPolygon","coordinates":[[[[-91.376969,14.46977],[-91.346391,14.48913],[-91.325025,14.537056],[-91.373871,14.535464],[-91.386163,14.469092],[-91.376969,14.46977]]]]},"properties":{"country_code":"GTM","country_name":"Guatemala","admin_level":2,"admin_type":"municipio","admin_code":"1011","name":"San Miguel Panán","parent_code":"10","parent_name":"Suchitepéquez","source_id":"183"}},{"type":"Feature","geometry":{"type":"MultiPolygon","coordinates":[[[[-91.205594,14.76086],[-91.223514,14.799617],[-91.233339,14.796228],[-91.247275,14.751495],[-91.247242,14.749759],[-91.205594,14.76086]]]]},"properties":{"country_code":"GTM","country_name":"Guatemala","admin_level":2,"admin_type":"municipio","admin_code":"0702","name":"San José Chacayá","parent_code":"07","parent_name":"Sololá","source_id":"252"}},{"type":"Feature","geometry":{"type":"MultiPolygon","coordinates":[[[[-89.537018,14.709125],[-89.547153,14.738743],[-89.607,14.767296],[-89.623683,14.756351],[-89.67277,14.751327],[-89.675436,14.713102],[-89.646626,14.678857],[-89.614856,14.683824],[-89.599525,14.667746],[-89.563812,14.665155],[-89.551604,14.699645],[-89.537018,14.709125]]]]},"properties":{"country_code":"GTM","country_name":"Guatemala","admin_level":2,"admin_type":"municipio","admin_code":"2002","name":"San José La Arada","parent_code":"20","parent_name":"Chiquimula","source_id":"47"}},{"type":"Feature","geometry":{"type":"MultiPolygon","coordinates":[[[[-90.812542,14.723397],[-90.821135,14.70742],[-90.863922,14.685509],[-90.870965,14.659724],[-90.842725,14.648649],[-90.814989,14.626114],[-90.814316,14.674136],[-90.792822,14.718549],[-90.762593,14.73191],[-90.750933,14.747313],[-90.812542,14.723397]]]]},"properties":{"country_code":"GTM","country_name":"Guatemala","admin_level":2,"admin_type":"municipio","admin_code":"0401","name":"Chimaltenango","parent_code":"04","parent_name":"Chimaltenango","source_id":"121"}},{"type":"Feature","geometry":{"type":"MultiPolygon","coordinates":[[[[-90.942756,14.717695],[-90.958405,14.695046],[-90.921682,14.670326],[-90.90187,14.694805],[-90.942756,14.717695]]]]},"properties":{"country_code":"GTM","country_name":"Guatemala","admin_level":2,"admin_type":"municipio","admin_code":"0410","name":"Santa Cruz Balanyá","parent_code":"04","parent_name":"Chimaltenango","source_id":"125"}},{"type":"Feature","geometry":{"type":"MultiPolygon","coordinates":[[[[-90.730135,14.606456],[-90.712084,14.606407],[-90.708921,14.613594],[-90.729283,14.656387],[-90.734589,14.695369],[-90.758979,14.724999],[-90.773188,14.689929],[-90.761996,14.661472],[-90.780085,14.639634],[-90.730135,14.606456]]]]},"properties":{"country_code":"GTM","country_name":"Guatemala","admin_level":2,"admin_type":"municipio","admin_code":"0304","name":"Sumpango","parent_code":"03","parent_name":"Sacatepéquez","source_id":"146"}},{"type":"Feature","geometry":{"type":"MultiPolygon","coordinates":[[[[-90.67317,14.66838],[-90.638533,14.653187],[-90.629906,14.66359],[-90.585087,14.67186],[-90.53699,14.709814],[-90.54093,14.718104],[-90.562594,14.693028],[-90.58902,14.679367],[-90.652511,14.696855],[-90.672841,14.679553],[-90.67317,14.66838]]]]},"properties":{"country_code":"GTM","country_name":"Guatemala","admin_level":2,"admin_type":"municipio","admin_code":"0109","name":"San Pedro Sacatepéquez","parent_code":"01","parent_name":"Guatemala","source_id":"8"}},{"type":"Feature","geometry":{"type":"MultiPolygon","coordinates":[[[[-89.545962,14.626068],[-89.561966,14.607175],[-89.557275,14.571451],[-89.539035,14.525537],[-89.516381,14.535525],[-89.513826,14.554692],[-89.483907,14.549163],[-89.451134,14.555721],[-89.426864,14.573921],[-89.370932,14.594227],[-89.364853,14.647366],[-89.359439,14.663083],[-89.38344,14.691772],[-89.409412,14.698062],[-89.466431,14.69721],[-89.491197,14.647998],[-89.52477,14.627648],[-89.545962,14.626068]]]]},"properties":{"country_code":"GTM","country_name":"Guatemala","admin_level":2,"admin_type":"municipio","admin_code":"2009","name":"Quezaltepeque","parent_code":"20","parent_name":"Chiquimula","source_id":"50"}},{"type":"Feature","geometry":{"type":"MultiPolygon","coordinates":[[[[-90.61286,14.582696],[-90.579031,14.579312],[-90.566067,14.649338],[-90.529305,14.665096],[-90.518714,14.684072],[-90.525057,14.707487],[-90.53699,14.709814],[-90.585087,14.67186],[-90.629906,14.66359],[-90.638533,14.653187],[-90.643277,14.626395],[-90.637156,14.601849],[-90.61286,14.582696]]]]},"properties":{"country_code":"GTM","country_name":"Guatemala","admin_level":2,"admin_type":"municipio","admin_code":"0108","name":"Mixco","parent_code":"01","parent_name":"Guatemala","source_id":"10"}},{"type":"Feature","geometry":{"type":"MultiPolygon","coordinates":[[[[-91.653373,14.607381],[-91.659056,14.636981],[-91.681746,14.642275],[-91.667671,14.686491],[-91.667552,14.714291],[-91.669539,14.714253],[-91.703276,14.689513],[-91.71259,14.659387],[-91.723129,14.635971],[-91.724493,14.601922],[-91.714155,14.58543],[-91.722938,14.561403],[-91.714517,14.543683],[-91.681206,14.570065],[-91.668438,14.590851],[-91.653373,14.607381]]]]},"properties":{"country_code":"GTM","country_name":"Guatemala","admin_level":2,"admin_type":"municipio","admin_code":"1108","name":"Nuevo San Carlos","parent_code":"11","parent_name":"Retalhuleu","source_id":"162"}},{"type":"Feature","geometry":{"type":"MultiPolygon","coordinates":[[[[-91.541879,14.629228],[-91.550724,14.613342],[-91.550613,14.573311],[-91.530621,14.564571],[-91.504812,14.563876],[-91.49922,14.595728],[-91.506494,14.600123],[-91.516215,14.610522],[-91.485625,14.66752],[-91.490078,14.706213],[-91.541879,14.629228]]]]},"properties":{"country_code":"GTM","country_name":"Guatemala","admin_level":2,"admin_type":"municipio","admin_code":"1003","name":"San Francisco Zapotitlán","parent_code":"10","parent_name":"Suchitepéquez","source_id":"172"}},{"type":"Feature","geometry":{"type":"MultiPolygon","coordinates":[[[[-89.563812,14.665155],[-89.599525,14.667746],[-89.614856,14.683824],[-89.646626,14.678857],[-89.661804,14.649043],[-89.672413,14.598734],[-89.693993,14.557941],[-89.681615,14.530765],[-89.645352,14.558175],[-89.619557,14.5456],[-89.623587,14.513351],[-89.592073,14.504589],[-89.5825,14.47498],[-89.549093,14.488081],[-89.547025,14.518496],[-89.539035,14.525537],[-89.557275,14.571451],[-89.561966,14.607175],[-89.545962,14.626068],[-89.545374,14.649059],[-89.563812,14.665155]]]]},"properties":{"country_code":"GTM","country_name":"Guatemala","admin_level":2,"admin_type":"municipio","admin_code":"2011","name":"Ipala","parent_code":"20","parent_name":"Chiquimula","source_id":"51"}},{"type":"Feature","geometry":{"type":"MultiPolygon","coordinates":[[[[-90.875604,14.504112],[-90.876439,14.502688],[-90.880832,14.470672],[-90.839594,14.434769],[-90.817046,14.402311],[-90.791686,14.419413],[-90.780652,14.439718],[-90.746769,14.461841],[-90.775897,14.484738],[-90.816342,14.496982],[-90.875604,14.504112]]]]},"properties":{"country_code":"GTM","country_name":"Guatemala","admin_level":2,"admin_type":"municipio","admin_code":"0314","name":"Alotenango","parent_code":"03","parent_name":"Sacatepéquez","source_id":"160"}},{"type":"Feature","geometry":{"type":"MultiPolygon","coordinates":[[[[-91.506494,14.600123],[-91.481652,14.644884],[-91.485625,14.66752],[-91.516215,14.610522],[-91.506494,14.600123]]]]},"properties":{"country_code":"GTM","country_name":"Guatemala","admin_level":2,"admin_type":"municipio","admin_code":"1018","name":"Zunilito","parent_code":"10","parent_name":"Suchitepéquez","source_id":"173"}},{"type":"Feature","geometry":{"type":"MultiPolygon","coordinates":[[[[-91.566386,14.6297],[-91.556635,14.63734],[-91.538937,14.672952],[-91.516513,14.685513],[-91.533296,14.684001],[-91.565719,14.652028],[-91.611505,14.634622],[-91.653373,14.607381],[-91.668438,14.590851],[-91.627412,14.597358],[-91.61673,14.611735],[-91.566386,14.6297]]]]},"properties":{"country_code":"GTM","country_name":"Guatemala","admin_level":2,"admin_type":"municipio","admin_code":"1105","name":"San Felipe","parent_code":"11","parent_name":"Retalhuleu","source_id":"163"}},{"type":"Feature","geometry":{"type":"MultiPolygon","coordinates":[[[[-91.256648,14.625892],[-91.240113,14.641485],[-91.241321,14.672735],[-91.282685,14.695256],[-91.285273,14.670629],[-91.315899,14.633831],[-91.331544,14.620435],[-91.294389,14.598815],[-91.256648,14.625892]]]]},"properties":{"country_code":"GTM","country_name":"Guatemala","admin_level":2,"admin_type":"municipio","admin_code":"0718","name":"San Pedro La Laguna","parent_code":"07","parent_name":"Sololá","source_id":"262"}},{"type":"Feature","geometry":{"type":"MultiPolygon","coordinates":[[[[-90.116153,14.53001],[-90.14435,14.571425],[-90.148144,14.60524],[-90.176569,14.616573],[-90.193485,14.668515],[-90.211883,14.670391],[-90.227324,14.662149],[-90.236776,14.609254],[-90.247673,14.589599],[-90.275809,14.576162],[-90.27796,14.529935],[-90.299951,14.504351],[-90.275727,14.503048],[-90.266678,14.480807],[-90.251316,14.472979],[-90.213502,14.483224],[-90.186221,14.490701],[-90.12838,14.488792],[-90.116153,14.53001]]]]},"properties":{"country_code":"GTM","country_name":"Guatemala","admin_level":2,"admin_type":"municipio","admin_code":"2107","name":"Mataquescuintla","parent_code":"21","parent_name":"Jalapa","source_id":"81"}},{"type":"Feature","geometry":{"type":"MultiPolygon","coordinates":[[[[-91.136268,14.635044],[-91.154078,14.658226],[-91.189424,14.605369],[-91.172269,14.580908],[-91.172253,14.559983],[-91.134753,14.547467],[-91.1249,14.5217],[-91.116107,14.541881],[-91.114205,14.597486],[-91.110658,14.627456],[-91.136268,14.635044]]]]},"properties":{"country_code":"GTM","country_name":"Guatemala","admin_level":2,"admin_type":"municipio","admin_code":"0713","name":"San Lucas Tolimán","parent_code":"07","parent_name":"Sololá","source_id":"264"}},{"type":"Feature","geometry":{"type":"MultiPolygon","coordinates":[[[[-90.643277,14.626395],[-90.638533,14.653187],[-90.67317,14.66838],[-90.729283,14.656387],[-90.708921,14.613594],[-90.679491,14.613164],[-90.643277,14.626395]]]]},"properties":{"country_code":"GTM","country_name":"Guatemala","admin_level":2,"admin_type":"municipio","admin_code":"0306","name":"Santiago Sacatepéquez","parent_code":"03","parent_name":"Sacatepéquez","source_id":"148"}},{"type":"Feature","geometry":{"type":"MultiPolygon","coordinates":[[[[-91.71259,14.659387],[-91.727782,14.666863],[-91.748718,14.645553],[-91.754466,14.588992],[-91.777831,14.593696],[-91.782267,14.557327],[-91.798756,14.504494],[-91.77976,14.502139],[-91.726096,14.512345],[-91.714517,14.543683],[-91.722938,14.561403],[-91.714155,14.58543],[-91.724493,14.601922],[-91.723129,14.635971],[-91.71259,14.659387]]]]},"properties":{"country_code":"GTM","country_name":"Guatemala","admin_level":2,"admin_type":"municipio","admin_code":"1109","name":"El Asintal","parent_code":"11","parent_name":"Retalhuleu","source_id":"164"}},{"type":"Feature","geometry":{"type":"MultiPolygon","coordinates":[[[[-91.403415,14.596094],[-91.405288,14.576918],[-91.371787,14.561339],[-91.373871,14.535464],[-91.325025,14.537056],[-91.346391,14.48913],[-91.376969,14.46977],[-91.393022,14.434722],[-91.397635,14.386574],[-91.42342,14.331452],[-91.385761,14.342668],[-91.371028,14.400887],[-91.345887,14.433022],[-91.325371,14.480947],[-91.268741,14.522818],[-91.268552,14.540947],[-91.296628,14.57266],[-91.294389,14.598815],[-91.331544,14.620435],[-91.315899,14.633831],[-91.342204,14.631682],[-91.356909,14.645688],[-91.39601,14.636489],[-91.403415,14.596094]]]]},"properties":{"country_code":"GTM","country_name":"Guatemala","admin_level":2,"admin_type":"municipio","admin_code":"1013","name":"Chicacao","parent_code":"10","parent_name":"Suchitepéquez","source_id":"174"}},{"type":"Feature","geometry":{"type":"MultiPolygon","coordinates":[[[[-91.433081,14.627447],[-91.454237,14.599377],[-91.443454,14.56184],[-91.405288,14.576918],[-91.403415,14.596094],[-91.433081,14.627447]]]]},"properties":{"country_code":"GTM","country_name":"Guatemala","admin_level":2,"admin_type":"municipio","admin_code":"1009","name":"San Pablo Jocopilas","parent_code":"10","parent_name":"Suchitepéquez","source_id":"176"}},{"type":"Feature","geometry":{"type":"MultiPolygon","coordinates":[[[[-90.679491,14.613164],[-90.708921,14.613594],[-90.687388,14.583851],[-90.672469,14.584459],[-90.679491,14.613164]]]]},"properties":{"country_code":"GTM","country_name":"Guatemala","admin_level":2,"admin_type":"municipio","admin_code":"0307","name":"San Bartolomé Milpas Altas","parent_code":"03","parent_name":"Sacatepéquez","source_id":"151"}},{"type":"Feature","geometry":{"type":"MultiPolygon","coordinates":[[[[-90.429395,14.547041],[-90.414124,14.560985],[-90.435389,14.586452],[-90.407064,14.614555],[-90.434375,14.613874],[-90.472093,14.592992],[-90.482294,14.578637],[-90.51631,14.574111],[-90.524414,14.560046],[-90.474233,14.51983],[-90.450412,14.522912],[-90.429395,14.547041]]]]},"properties":{"country_code":"GTM","country_name":"Guatemala","admin_level":2,"admin_type":"municipio","admin_code":"0102","name":"Santa Catarina Pinula","parent_code":"01","parent_name":"Guatemala","source_id":"12"}},{"type":"Feature","geometry":{"type":"MultiPolygon","coordinates":[[[[-91.1249,14.5217],[-91.11905,14.496263],[-91.12845,14.459133],[-91.095553,14.453847],[-91.083816,14.474588],[-91.031986,14.500043],[-91.045437,14.531874],[-91.033394,14.558903],[-91.005017,14.564584],[-91.003018,14.582569],[-91.026427,14.606759],[-91.0611,14.583417],[-91.114205,14.597486],[-91.116107,14.541881],[-91.1249,14.5217]]]]},"properties":{"country_code":"GTM","country_name":"Guatemala","admin_level":2,"admin_type":"municipio","admin_code":"0408","name":"Pochuta","parent_code":"04","parent_name":"Chimaltenango","source_id":"129"}},{"type":"Feature","geometry":{"type":"MultiPolygon","coordinates":[[[[-90.751946,14.565298],[-90.716308,14.591301],[-90.712084,14.606407],[-90.730135,14.606456],[-90.750896,14.584799],[-90.751946,14.565298]]]]},"properties":{"country_code":"GTM","country_name":"Guatemala","admin_level":2,"admin_type":"municipio","admin_code":"0302","name":"Jocotenango","parent_code":"03","parent_name":"Sacatepéquez","source_id":"153"}},{"type":"Feature","geometry":{"type":"MultiPolygon","coordinates":[[[[-91.504074,14.497886],[-91.501921,14.5174],[-91.519566,14.522979],[-91.522206,14.493587],[-91.504074,14.497886]]]]},"properties":{"country_code":"GTM","country_name":"Guatemala","admin_level":2,"admin_type":"municipio","admin_code":"1012","name":"San Gabriel","parent_code":"10","parent_name":"Suchitepéquez","source_id":"184"}},{"type":"Feature","geometry":{"type":"MultiPolygon","coordinates":[[[[-89.836501,14.559051],[-89.83667,14.511277],[-89.805739,14.490666],[-89.775885,14.484326],[-89.711985,14.481619],[-89.691145,14.497394],[-89.681382,14.526294],[-89.681615,14.530765],[-89.693993,14.557941],[-89.746531,14.550845],[-89.754609,14.585983],[-89.807193,14.553814],[-89.836501,14.559051]]]]},"properties":{"country_code":"GTM","country_name":"Guatemala","admin_level":2,"admin_type":"municipio","admin_code":"2104","name":"San Manuel Chaparrón","parent_code":"21","parent_name":"Jalapa","source_id":"82"}},{"type":"Feature","geometry":{"type":"MultiPolygon","coordinates":[[[[-89.923405,14.571451],[-89.939279,14.551958],[-89.934383,14.530157],[-89.982734,14.453572],[-89.933962,14.461658],[-89.893022,14.432926],[-89.88953,14.458724],[-89.863605,14.467087],[-89.83667,14.511277],[-89.836501,14.559051],[-89.869941,14.582276],[-89.923405,14.571451]]]]},"properties":{"country_code":"GTM","country_name":"Guatemala","admin_level":2,"admin_type":"municipio","admin_code":"2106","name":"Monjas","parent_code":"21","parent_name":"Jalapa","source_id":"83"}},{"type":"Feature","geometry":{"type":"MultiPolygon","coordinates":[[[[-91.668438,14.590851],[-91.654561,14.521321],[-91.627412,14.597358],[-91.668438,14.590851]]]]},"properties":{"country_code":"GTM","country_name":"Guatemala","admin_level":2,"admin_type":"municipio","admin_code":"1102","name":"San Sebastián","parent_code":"11","parent_name":"Retalhuleu","source_id":"167"}},{"type":"Feature","geometry":{"type":"MultiPolygon","coordinates":[[[[-91.444364,14.511188],[-91.473666,14.519865],[-91.504074,14.497886],[-91.511423,14.445235],[-91.502107,14.413647],[-91.518023,14.387748],[-91.52731,14.344791],[-91.514307,14.323976],[-91.511969,14.270994],[-91.494625,14.231597],[-91.49175,14.1701],[-91.510434,14.140678],[-91.545522,14.133762],[-91.558587,14.10721],[-91.568169,14.061731],[-91.538595,14.044361],[-91.532489,14.083796],[-91.508101,14.101268],[-91.487497,14.132439],[-91.483312,14.154944],[-91.460988,14.176181],[-91.447603,14.203075],[-91.4493,14.25794],[-91.472905,14.261385],[-91.487431,14.285486],[-91.484781,14.311853],[-91.456941,14.371601],[-91.464158,14.385114],[-91.454039,14.436799],[-91.473253,14.45105],[-91.465136,14.488897],[-91.438332,14.477843],[-91.444364,14.511188]]]]},"properties":{"country_code":"GTM","country_name":"Guatemala","admin_level":2,"admin_type":"municipio","admin_code":"1006","name":"Santo Domingo Suchitepéquez","parent_code":"10","parent_name":"Suchitepéquez","source_id":"185"}},{"type":"Feature","geometry":{"type":"MultiPolygon","coordinates":[[[[-89.499987,15.844421],[-89.467296,15.862099],[-89.442842,15.848603],[-89.412301,15.856197],[-89.392703,15.865913],[-89.377532,15.905678],[-89.363812,15.918364],[-89.29253,15.914479],[-89.266592,15.91982],[-89.225799,15.896614],[-89.216512,16.06412],[-89.202808,16.267513],[-89.541561,16.267383],[-89.888679,16.265593],[-89.911909,16.249206],[-89.952195,16.244983],[-90.000384,16.208715],[-90.036853,16.209757],[-90.051156,16.19576],[-90.038235,16.171132],[-90.04597,16.147156],[-90.038929,16.116722],[-90.050587,16.089947],[-90.072224,16.078024],[-90.051591,16.046578],[-90.046802,15.991563],[-90.037759,16.003276],[-89.988523,15.995018],[-89.936606,15.96509],[-89.889842,15.962956],[-89.88647,15.944995],[-89.849394,15.909611],[-89.794103,15.909747],[-89.759624,15.922317],[-89.746612,15.952346],[-89.698423,15.976372],[-89.65301,15.974917],[-89.633748,16.01716],[-89.576788,16.016056],[-89.523633,16.052481],[-89.501137,16.044101],[-89.499987,15.844421]]]]},"properties":{"country_code":"GTM","country_name":"Guatemala","admin_level":2,"admin_type":"municipio","admin_code":"1709","name":"San Luis","parent_code":"17","parent_name":"Petén","source_id":"331"}},{"type":"Feature","geometry":{"type":"MultiPolygon","coordinates":[[[[-90.785392,14.569014],[-90.769956,14.55138],[-90.753537,14.540575],[-90.746769,14.461841],[-90.728173,14.497514],[-90.688216,14.5253],[-90.69671,14.558127],[-90.687388,14.583851],[-90.708921,14.613594],[-90.712084,14.606407],[-90.716308,14.591301],[-90.751946,14.565298],[-90.785392,14.569014]]]]},"properties":{"country_code":"GTM","country_name":"Guatemala","admin_level":2,"admin_type":"municipio","admin_code":"0301","name":"Antigua Guatemala","parent_code":"03","parent_name":"Sacatepéquez","source_id":"152"}},{"type":"Feature","geometry":{"type":"MultiPolygon","coordinates":[[[[-91.627412,14.597358],[-91.654561,14.521321],[-91.683643,14.392817],[-91.717157,14.362748],[-91.734108,14.334133],[-91.729709,14.295685],[-91.6828,14.338567],[-91.674741,14.394193],[-91.652347,14.412739],[-91.652829,14.430396],[-91.5989,14.542455],[-91.588606,14.600452],[-91.627412,14.597358]]]]},"properties":{"country_code":"GTM","country_name":"Guatemala","admin_level":2,"admin_type":"municipio","admin_code":"1103","name":"Santa Cruz Muluá","parent_code":"11","parent_name":"Retalhuleu","source_id":"166"}},{"type":"Feature","geometry":{"type":"MultiPolygon","coordinates":[[[[-91.454237,14.599377],[-91.485519,14.601873],[-91.491866,14.594443],[-91.495553,14.565291],[-91.476058,14.539404],[-91.457717,14.55345],[-91.44101,14.539653],[-91.443454,14.56184],[-91.454237,14.599377]]]]},"properties":{"country_code":"GTM","country_name":"Guatemala","admin_level":2,"admin_type":"municipio","admin_code":"1008","name":"Samayac","parent_code":"10","parent_name":"Suchitepéquez","source_id":"177"}},{"type":"Feature","geometry":{"type":"MultiPolygon","coordinates":[[[[-89.426864,14.573921],[-89.451134,14.555721],[-89.483907,14.549163],[-89.513826,14.554692],[-89.516381,14.535525],[-89.539035,14.525537],[-89.547025,14.518496],[-89.526254,14.510778],[-89.499972,14.476242],[-89.50136,14.44681],[-89.521278,14.427376],[-89.510864,14.40717],[-89.469856,14.428235],[-89.43409,14.411652],[-89.392923,14.450486],[-89.354952,14.422288],[-89.353606,14.461],[-89.394552,14.474583],[-89.390606,14.507083],[-89.396968,14.551076],[-89.426864,14.573921]]]]},"properties":{"country_code":"GTM","country_name":"Guatemala","admin_level":2,"admin_type":"municipio","admin_code":"2008","name":"Concepción Las Minas","parent_code":"20","parent_name":"Chiquimula","source_id":"52"}},{"type":"Feature","geometry":{"type":"MultiPolygon","coordinates":[[[[-91.373871,14.535464],[-91.371787,14.561339],[-91.405288,14.576918],[-91.443454,14.56184],[-91.44101,14.539653],[-91.444364,14.511188],[-91.438332,14.477843],[-91.406601,14.452289],[-91.386163,14.469092],[-91.373871,14.535464]]]]},"properties":{"country_code":"GTM","country_name":"Guatemala","admin_level":2,"admin_type":"municipio","admin_code":"1010","name":"San Antonio Suchitepéquez","parent_code":"10","parent_name":"Suchitepéquez","source_id":"180"}},{"type":"Feature","geometry":{"type":"MultiPolygon","coordinates":[[[[-90.806738,14.571796],[-90.830086,14.559379],[-90.788022,14.542773],[-90.799139,14.566571],[-90.806738,14.571796]]]]},"properties":{"country_code":"GTM","country_name":"Guatemala","admin_level":2,"admin_type":"municipio","admin_code":"0316","name":"Santa Catarina Barahona","parent_code":"03","parent_name":"Sacatepéquez","source_id":"155"}},{"type":"Feature","geometry":{"type":"MultiPolygon","coordinates":[[[[-91.530621,14.564571],[-91.552794,14.494963],[-91.560078,14.452631],[-91.54844,14.41513],[-91.535,14.438219],[-91.522206,14.493587],[-91.519566,14.522979],[-91.501921,14.5174],[-91.504074,14.497886],[-91.473666,14.519865],[-91.476058,14.539404],[-91.495553,14.565291],[-91.491866,14.594443],[-91.49922,14.595728],[-91.504812,14.563876],[-91.530621,14.564571]]]]},"properties":{"country_code":"GTM","country_name":"Guatemala","admin_level":2,"admin_type":"municipio","admin_code":"1001","name":"Mazatenango","parent_code":"10","parent_name":"Suchitepéquez","source_id":"178"}},{"type":"Feature","geometry":{"type":"MultiPolygon","coordinates":[[[[-91.714517,14.543683],[-91.726096,14.512345],[-91.77976,14.502139],[-91.798756,14.504494],[-91.831655,14.493949],[-91.87877,14.514188],[-91.899234,14.511504],[-91.921239,14.529603],[-91.965594,14.53346],[-91.991636,14.53694],[-92.049721,14.56558],[-92.060787,14.567268],[-92.10302,14.528583],[-92.114563,14.50164],[-92.134702,14.509131],[-92.163205,14.486643],[-92.03864,14.392605],[-91.99736,14.407688],[-91.934323,14.410199],[-91.8897,14.418053],[-91.841758,14.435376],[-91.788712,14.395082],[-91.804574,14.359686],[-91.780348,14.317582],[-91.780826,14.297059],[-91.814314,14.276362],[-91.831078,14.232076],[-91.786625,14.190868],[-91.752324,14.217557],[-91.751472,14.257831],[-91.729709,14.295685],[-91.734108,14.334133],[-91.717157,14.362748],[-91.683643,14.392817],[-91.654561,14.521321],[-91.668438,14.590851],[-91.681206,14.570065],[-91.714517,14.543683]]]]},"properties":{"country_code":"GTM","country_name":"Guatemala","admin_level":2,"admin_type":"municipio","admin_code":"1101","name":"Retalhuleu","parent_code":"11","parent_name":"Retalhuleu","source_id":"168"}},{"type":"Feature","geometry":{"type":"MultiPolygon","coordinates":[[[[-91.172253,14.559983],[-91.189652,14.572654],[-91.194366,14.562971],[-91.186191,14.500222],[-91.206399,14.466777],[-91.176905,14.459667],[-91.162263,14.435174],[-91.202223,14.392433],[-91.243394,14.40395],[-91.253184,14.365191],[-91.266098,14.337606],[-91.267254,14.305583],[-91.199635,14.293615],[-91.217014,14.207533],[-91.178938,14.201341],[-91.153631,14.235283],[-91.15472,14.279163],[-91.125453,14.357361],[-91.134194,14.364836],[-91.116011,14.405719],[-91.101878,14.416368],[-91.095553,14.453847],[-91.12845,14.459133],[-91.11905,14.496263],[-91.1249,14.5217],[-91.134753,14.547467],[-91.172253,14.559983]]]]},"properties":{"country_code":"GTM","country_name":"Guatemala","admin_level":2,"admin_type":"municipio","admin_code":"1014","name":"Patulul","parent_code":"10","parent_name":"Suchitepéquez","source_id":"181"}},{"type":"Feature","geometry":{"type":"MultiPolygon","coordinates":[[[[-90.672469,14.584459],[-90.687388,14.583851],[-90.69671,14.558127],[-90.654988,14.554886],[-90.668026,14.580892],[-90.672469,14.584459]]]]},"properties":{"country_code":"GTM","country_name":"Guatemala","admin_level":2,"admin_type":"municipio","admin_code":"0309","name":"Santa Lucía Milpas Altas","parent_code":"03","parent_name":"Sacatepéquez","source_id":"154"}},{"type":"Feature","geometry":{"type":"MultiPolygon","coordinates":[[[[-91.325371,14.480947],[-91.289229,14.447373],[-91.298921,14.378646],[-91.2758,14.38229],[-91.253184,14.365191],[-91.243394,14.40395],[-91.206289,14.438197],[-91.206399,14.466777],[-91.186191,14.500222],[-91.194366,14.562971],[-91.189652,14.572654],[-91.209898,14.577908],[-91.252608,14.544948],[-91.268741,14.522818],[-91.325371,14.480947]]]]},"properties":{"country_code":"GTM","country_name":"Guatemala","admin_level":2,"admin_type":"municipio","admin_code":"1015","name":"Santa Bárbara","parent_code":"10","parent_name":"Suchitepéquez","source_id":"179"}},{"type":"Feature","geometry":{"type":"MultiPolygon","coordinates":[[[[-89.681615,14.530765],[-89.681382,14.526294],[-89.678434,14.49118],[-89.683285,14.424131],[-89.631245,14.410256],[-89.63602,14.385041],[-89.623503,14.363579],[-89.576847,14.376292],[-89.57379,14.416751],[-89.510864,14.40717],[-89.521278,14.427376],[-89.50136,14.44681],[-89.499972,14.476242],[-89.526254,14.510778],[-89.547025,14.518496],[-89.549093,14.488081],[-89.5825,14.47498],[-89.592073,14.504589],[-89.623587,14.513351],[-89.619557,14.5456],[-89.645352,14.558175],[-89.681615,14.530765]]]]},"properties":{"country_code":"GTM","country_name":"Guatemala","admin_level":2,"admin_type":"municipio","admin_code":"2204","name":"Agua Blanca","parent_code":"22","parent_name":"Jutiapa","source_id":"85"}},{"type":"Feature","geometry":{"type":"MultiPolygon","coordinates":[[[[-90.688216,14.5253],[-90.666225,14.524318],[-90.663042,14.529257],[-90.654988,14.554886],[-90.69671,14.558127],[-90.688216,14.5253]]]]},"properties":{"country_code":"GTM","country_name":"Guatemala","admin_level":2,"admin_type":"municipio","admin_code":"0310","name":"Magdalena Milpas Altas","parent_code":"03","parent_name":"Sacatepéquez","source_id":"157"}},{"type":"Feature","geometry":{"type":"MultiPolygon","coordinates":[[[[-91.444364,14.511188],[-91.44101,14.539653],[-91.457717,14.55345],[-91.476058,14.539404],[-91.473666,14.519865],[-91.444364,14.511188]]]]},"properties":{"country_code":"GTM","country_name":"Guatemala","admin_level":2,"admin_type":"municipio","admin_code":"1004","name":"San Bernardino","parent_code":"10","parent_name":"Suchitepéquez","source_id":"182"}},{"type":"Feature","geometry":{"type":"MultiPolygon","coordinates":[[[[-90.799139,14.566571],[-90.788022,14.542773],[-90.786986,14.539993],[-90.769956,14.55138],[-90.785392,14.569014],[-90.799139,14.566571]]]]},"properties":{"country_code":"GTM","country_name":"Guatemala","admin_level":2,"admin_type":"municipio","admin_code":"0315","name":"San Antonio Aguas Calientes","parent_code":"03","parent_name":"Sacatepéquez","source_id":"161"}},{"type":"Feature","geometry":{"type":"MultiPolygon","coordinates":[[[[-89.83667,14.511277],[-89.863605,14.467087],[-89.855971,14.441109],[-89.818685,14.407823],[-89.821881,14.377861],[-89.794575,14.364966],[-89.785797,14.357165],[-89.753436,14.371369],[-89.747167,14.401649],[-89.723578,14.396353],[-89.683285,14.424131],[-89.678434,14.49118],[-89.681382,14.526294],[-89.691145,14.497394],[-89.711985,14.481619],[-89.775885,14.484326],[-89.805739,14.490666],[-89.83667,14.511277]]]]},"properties":{"country_code":"GTM","country_name":"Guatemala","admin_level":2,"admin_type":"municipio","admin_code":"2203","name":"Santa Catarina Mita","parent_code":"22","parent_name":"Jutiapa","source_id":"86"}},{"type":"Feature","geometry":{"type":"MultiPolygon","coordinates":[[[[-90.537507,14.537151],[-90.556578,14.544374],[-90.575412,14.513725],[-90.576811,14.487546],[-90.568611,14.483422],[-90.54364,14.473518],[-90.537507,14.537151]]]]},"properties":{"country_code":"GTM","country_name":"Guatemala","admin_level":2,"admin_type":"municipio","admin_code":"0117","name":"Petapa","parent_code":"01","parent_name":"Guatemala","source_id":"16"}},{"type":"Feature","geometry":{"type":"MultiPolygon","coordinates":[[[[-89.91034,16.941073],[-89.976581,16.945472],[-90.058127,17.008805],[-90.182863,17.109986],[-90.183379,16.836046],[-90.014508,16.836534],[-89.917286,16.836686],[-89.923892,16.867745],[-89.915613,16.910398],[-89.896765,16.90579],[-89.91034,16.941073]]]]},"properties":{"country_code":"GTM","country_name":"Guatemala","admin_level":2,"admin_type":"municipio","admin_code":"1703","name":"San Benito","parent_code":"17","parent_name":"Petén","source_id":"330"}},{"type":"Feature","geometry":{"type":"MultiPolygon","coordinates":[[[[-90.746769,14.461841],[-90.707546,14.434572],[-90.676892,14.428744],[-90.659835,14.463604],[-90.673554,14.480755],[-90.666225,14.524318],[-90.688216,14.5253],[-90.728173,14.497514],[-90.746769,14.461841]]]]},"properties":{"country_code":"GTM","country_name":"Guatemala","admin_level":2,"admin_type":"municipio","admin_code":"0311","name":"Santa María de Jesús","parent_code":"03","parent_name":"Sacatepéquez","source_id":"159"}},{"type":"Feature","geometry":{"type":"MultiPolygon","coordinates":[[[[-89.893022,14.432926],[-89.867528,14.397273],[-89.885512,14.38544],[-89.872239,14.358119],[-89.872524,14.323325],[-89.862266,14.308771],[-89.831054,14.296324],[-89.818729,14.322589],[-89.817828,14.349912],[-89.794575,14.364966],[-89.821881,14.377861],[-89.818685,14.407823],[-89.855971,14.441109],[-89.863605,14.467087],[-89.88953,14.458724],[-89.893022,14.432926]]]]},"properties":{"country_code":"GTM","country_name":"Guatemala","admin_level":2,"admin_type":"municipio","admin_code":"2202","name":"El Progreso","parent_code":"22","parent_name":"Jutiapa","source_id":"87"}},{"type":"Feature","geometry":{"type":"MultiPolygon","coordinates":[[[[-90.182863,17.109986],[-90.331388,17.228845],[-90.377819,17.210989],[-90.389685,17.199021],[-90.437543,17.193791],[-90.525066,17.273154],[-90.576874,17.286365],[-90.604484,17.303245],[-90.650083,17.307782],[-90.68911,17.296219],[-90.712789,17.267535],[-90.746755,17.260157],[-90.754264,17.238983],[-90.779474,17.226342],[-90.814554,17.232833],[-90.831239,17.250194],[-90.860112,17.250106],[-90.875651,17.26809],[-90.917818,17.245375],[-90.971899,17.261499],[-90.987304,17.278575],[-90.987267,17.251325],[-91.34607,17.251151],[-91.238895,17.16528],[-91.196395,17.069169],[-91.094172,16.986669],[-91.006117,16.923058],[-90.933061,16.916113],[-90.895779,16.942508],[-90.86533,16.920654],[-90.845006,16.89528],[-90.770283,16.88278],[-90.773339,16.839447],[-90.73195,16.838613],[-90.716117,16.824447],[-90.72945,16.799447],[-90.678617,16.785836],[-90.639172,16.761947],[-90.616117,16.729586],[-90.61445,16.781808],[-90.585839,16.787502],[-90.588617,16.746669],[-90.508061,16.73778],[-90.418979,16.737221],[-90.417783,16.798475],[-90.338894,16.787502],[-90.32195,16.79278],[-90.305561,16.773613],[-90.225839,16.764724],[-90.235561,16.713891],[-90.217783,16.713613],[-90.215339,16.686891],[-90.15968,16.687032],[-90.15196,16.724224],[-90.119652,16.780833],[-90.0789,16.813152],[-90.041678,16.818912],[-90.014508,16.836534],[-90.183379,16.836046],[-90.182863,17.109986]]]]},"properties":{"country_code":"GTM","country_name":"Guatemala","admin_level":2,"admin_type":"municipio","admin_code":"1705","name":"La Libertad","parent_code":"17","parent_name":"Petén","source_id":"332"}},{"type":"Feature","geometry":{"type":"MultiPolygon","coordinates":[[[[-89.166281,16.818884],[-89.153696,17.012439],[-89.151594,17.143707],[-89.154313,17.35871],[-89.156924,17.816838],[-89.337442,17.81809],[-89.335176,17.326492],[-89.332887,17.016269],[-89.330598,16.922335],[-89.329973,16.819004],[-89.166281,16.818884]]]]},"properties":{"country_code":"GTM","country_name":"Guatemala","admin_level":2,"admin_type":"municipio","admin_code":"1711","name":"Melchor de Mencos","parent_code":"17","parent_name":"Petén","source_id":"333"}},{"type":"Feature","geometry":{"type":"MultiPolygon","coordinates":[[[[-91.34607,17.251151],[-91.443764,17.25091],[-91.430436,17.216693],[-91.407178,17.204436],[-91.379269,17.205015],[-91.33198,17.177722],[-91.277703,17.178691],[-91.264105,17.165789],[-91.273364,17.141702],[-91.269972,17.112649],[-91.233783,17.1012],[-91.214822,17.054191],[-91.179369,17.018539],[-91.156003,17.004965],[-91.128009,17.005734],[-91.122778,16.980591],[-91.09935,16.963755],[-91.064829,16.925458],[-91.062276,16.90066],[-91.008587,16.886034],[-90.959653,16.897833],[-90.953986,16.865643],[-90.934761,16.860721],[-90.919896,16.821775],[-90.886386,16.825803],[-90.840152,16.796516],[-90.805701,16.799856],[-90.80377,16.779172],[-90.761999,16.763154],[-90.751792,16.74848],[-90.712898,16.726602],[-90.709079,16.705583],[-90.683264,16.689301],[-90.678091,16.662776],[-90.659475,16.641523],[-90.646153,16.516124],[-90.610963,16.51493],[-90.610968,16.48838],[-90.587932,16.469095],[-90.543989,16.480171],[-90.521316,16.479364],[-90.518493,16.505917],[-90.492672,16.506196],[-90.478835,16.525945],[-90.45254,16.503004],[-90.44253,16.540871],[-90.409034,16.577962],[-90.340883,16.576777],[-90.312897,16.553252],[-90.293671,16.571207],[-90.256844,16.561997],[-90.238042,16.584318],[-90.238199,16.623349],[-90.182718,16.637114],[-90.15968,16.687032],[-90.215339,16.686891],[-90.217783,16.713613],[-90.235561,16.713891],[-90.225839,16.764724],[-90.305561,16.773613],[-90.32195,16.79278],[-90.338894,16.787502],[-90.417783,16.798475],[-90.418979,16.737221],[-90.508061,16.73778],[-90.588617,16.746669],[-90.585839,16.787502],[-90.61445,16.781808],[-90.616117,16.729586],[-90.639172,16.761947],[-90.678617,16.785836],[-90.72945,16.799447],[-90.716117,16.824447],[-90.73195,16.838613],[-90.773339,16.839447],[-90.770283,16.88278],[-90.845006,16.89528],[-90.86533,16.920654],[-90.895779,16.942508],[-90.933061,16.916113],[-91.006117,16.923058],[-91.094172,16.986669],[-91.196395,17.069169],[-91.238895,17.16528],[-91.34607,17.251151]]]]},"properties":{"country_code":"GTM","country_name":"Guatemala","admin_level":2,"admin_type":"municipio","admin_code":"1713","name":"Las Cruces","parent_code":"17","parent_name":"Petén","source_id":"334"}},{"type":"Feature","geometry":{"type":"MultiPolygon","coordinates":[[[[-90.746769,14.461841],[-90.738207,14.417892],[-90.761925,14.362428],[-90.749118,14.332259],[-90.718452,14.336662],[-90.699161,14.349659],[-90.655869,14.369696],[-90.643181,14.428137],[-90.659835,14.463604],[-90.676892,14.428744],[-90.707546,14.434572],[-90.746769,14.461841]]]]},"properties":{"country_code":"GTM","country_name":"Guatemala","admin_level":2,"admin_type":"municipio","admin_code":"0511","name":"Palín","parent_code":"05","parent_name":"Escuintla","source_id":"134"}},{"type":"Feature","geometry":{"type":"MultiPolygon","coordinates":[[[[-90.132506,14.332671],[-90.185781,14.334199],[-90.188105,14.301853],[-90.208386,14.299026],[-90.206101,14.250895],[-90.193695,14.261498],[-90.16522,14.238126],[-90.090915,14.201932],[-90.098886,14.221943],[-90.068422,14.239295],[-90.125063,14.275721],[-90.118104,14.326261],[-90.132506,14.332671]]]]},"properties":{"country_code":"GTM","country_name":"Guatemala","admin_level":2,"admin_type":"municipio","admin_code":"2216","name":"San José Acatempa","parent_code":"22","parent_name":"Jutiapa","source_id":"91"}},{"type":"Feature","geometry":{"type":"MultiPolygon","coordinates":[[[[-89.788122,14.234853],[-89.81657,14.203815],[-89.814358,14.172377],[-89.789873,14.168803],[-89.779697,14.139341],[-89.801277,14.104797],[-89.780763,14.096036],[-89.76055,14.117757],[-89.770022,14.163836],[-89.76187,14.227711],[-89.788122,14.234853]]]]},"properties":{"country_code":"GTM","country_name":"Guatemala","admin_level":2,"admin_type":"municipio","admin_code":"2206","name":"Yupiltepeque","parent_code":"22","parent_name":"Jutiapa","source_id":"92"}},{"type":"Feature","geometry":{"type":"MultiPolygon","coordinates":[[[[-91.386163,14.469092],[-91.406601,14.452289],[-91.438332,14.477843],[-91.465136,14.488897],[-91.473253,14.45105],[-91.454039,14.436799],[-91.464158,14.385114],[-91.456941,14.371601],[-91.484781,14.311853],[-91.487431,14.285486],[-91.472905,14.261385],[-91.4493,14.25794],[-91.461395,14.268718],[-91.460164,14.309254],[-91.434986,14.320377],[-91.430092,14.287144],[-91.411067,14.289958],[-91.42342,14.331452],[-91.397635,14.386574],[-91.393022,14.434722],[-91.376969,14.46977],[-91.386163,14.469092]]]]},"properties":{"country_code":"GTM","country_name":"Guatemala","admin_level":2,"admin_type":"municipio","admin_code":"1005","name":"San José El Ídolo","parent_code":"10","parent_name":"Suchitepéquez","source_id":"186"}},{"type":"Feature","geometry":{"type":"MultiPolygon","coordinates":[[[[-91.42342,14.331452],[-91.411067,14.289958],[-91.380977,14.309528],[-91.327497,14.334289],[-91.313068,14.321243],[-91.281126,14.340119],[-91.266098,14.337606],[-91.253184,14.365191],[-91.2758,14.38229],[-91.298921,14.378646],[-91.289229,14.447373],[-91.325371,14.480947],[-91.345887,14.433022],[-91.371028,14.400887],[-91.385761,14.342668],[-91.42342,14.331452]]]]},"properties":{"country_code":"GTM","country_name":"Guatemala","admin_level":2,"admin_type":"municipio","admin_code":"1020","name":"Río Bravo","parent_code":"10","parent_name":"Suchitepéquez","source_id":"187"}},{"type":"Feature","geometry":{"type":"MultiPolygon","coordinates":[[[[-90.208386,14.299026],[-90.214396,14.334034],[-90.24182,14.303758],[-90.276623,14.30048],[-90.302026,14.30953],[-90.312854,14.328552],[-90.353919,14.293884],[-90.334201,14.255345],[-90.395387,14.229449],[-90.398456,14.205427],[-90.344508,14.186422],[-90.338353,14.184369],[-90.310087,14.204824],[-90.296993,14.233425],[-90.257189,14.232339],[-90.25037,14.172544],[-90.206204,14.162807],[-90.200229,14.22466],[-90.206101,14.250895],[-90.208386,14.299026]]]]},"properties":{"country_code":"GTM","country_name":"Guatemala","admin_level":2,"admin_type":"municipio","admin_code":"0601","name":"Cuilapa","parent_code":"06","parent_name":"Santa Rosa","source_id":"108"}},{"type":"Feature","geometry":{"type":"MultiPolygon","coordinates":[[[[-90.057942,14.420249],[-90.076963,14.386872],[-90.066027,14.337224],[-90.025313,14.342618],[-90.037179,14.308121],[-90.031034,14.291178],[-89.977961,14.276624],[-89.999891,14.226229],[-90.032629,14.214221],[-90.019397,14.196566],[-90.023145,14.172903],[-89.988865,14.164961],[-89.971145,14.198448],[-89.956859,14.183189],[-89.934557,14.206538],[-89.909045,14.181278],[-89.902668,14.159362],[-89.884377,14.184808],[-89.844853,14.189468],[-89.81657,14.203815],[-89.788122,14.234853],[-89.772683,14.273181],[-89.787665,14.304066],[-89.785797,14.357165],[-89.794575,14.364966],[-89.817828,14.349912],[-89.818729,14.322589],[-89.831054,14.296324],[-89.862266,14.308771],[-89.872524,14.323325],[-89.872239,14.358119],[-89.885512,14.38544],[-89.867528,14.397273],[-89.893022,14.432926],[-89.933962,14.461658],[-89.982734,14.453572],[-89.991307,14.440877],[-90.032042,14.430377],[-90.057942,14.420249]]]]},"properties":{"country_code":"GTM","country_name":"Guatemala","admin_level":2,"admin_type":"municipio","admin_code":"2201","name":"Jutiapa","parent_code":"22","parent_name":"Jutiapa","source_id":"88"}},{"type":"Feature","geometry":{"type":"MultiPolygon","coordinates":[[[[-91.206399,14.466777],[-91.206289,14.438197],[-91.243394,14.40395],[-91.202223,14.392433],[-91.162263,14.435174],[-91.176905,14.459667],[-91.206399,14.466777]]]]},"properties":{"country_code":"GTM","country_name":"Guatemala","admin_level":2,"admin_type":"municipio","admin_code":"1016","name":"San Juan Bautista","parent_code":"10","parent_name":"Suchitepéquez","source_id":"188"}},{"type":"Feature","geometry":{"type":"MultiPolygon","coordinates":[[[[-91.077466,14.693754],[-91.110658,14.627456],[-91.114205,14.597486],[-91.0611,14.583417],[-91.026427,14.606759],[-91.003018,14.582569],[-90.973479,14.600638],[-90.960274,14.596338],[-90.956889,14.652328],[-90.993052,14.667641],[-90.988167,14.690021],[-90.994409,14.727651],[-91.029779,14.726],[-91.075196,14.704481],[-91.077466,14.693754]]]]},"properties":{"country_code":"GTM","country_name":"Guatemala","admin_level":2,"admin_type":"municipio","admin_code":"0407","name":"Patzún","parent_code":"04","parent_name":"Chimaltenango","source_id":"124"}},{"type":"Feature","geometry":{"type":"MultiPolygon","coordinates":[[[[-89.683285,14.424131],[-89.723578,14.396353],[-89.747167,14.401649],[-89.753436,14.371369],[-89.785797,14.357165],[-89.787665,14.304066],[-89.772683,14.273181],[-89.788122,14.234853],[-89.76187,14.227711],[-89.73002,14.215374],[-89.696901,14.216649],[-89.665591,14.185481],[-89.627976,14.204484],[-89.585557,14.202065],[-89.550661,14.220674],[-89.525243,14.219459],[-89.522109,14.241427],[-89.548364,14.27126],[-89.545556,14.295135],[-89.561754,14.313605],[-89.592594,14.311482],[-89.576847,14.376292],[-89.623503,14.363579],[-89.63602,14.385041],[-89.631245,14.410256],[-89.683285,14.424131]]]]},"properties":{"country_code":"GTM","country_name":"Guatemala","admin_level":2,"admin_type":"municipio","admin_code":"2205","name":"Asunción Mita","parent_code":"22","parent_name":"Jutiapa","source_id":"89"}},{"type":"Feature","geometry":{"type":"MultiPolygon","coordinates":[[[[-90.816342,14.496982],[-90.775897,14.484738],[-90.746769,14.461841],[-90.753537,14.540575],[-90.769956,14.55138],[-90.786986,14.539993],[-90.788273,14.516701],[-90.816342,14.496982]]]]},"properties":{"country_code":"GTM","country_name":"Guatemala","admin_level":2,"admin_type":"municipio","admin_code":"0312","name":"Ciudad Vieja","parent_code":"03","parent_name":"Sacatepéquez","source_id":"158"}},{"type":"Feature","geometry":{"type":"MultiPolygon","coordinates":[[[[-90.659247,13.924945],[-90.675257,14.021813],[-90.711187,14.019053],[-90.710397,13.982429],[-90.721774,13.959141],[-90.754689,13.953579],[-90.747737,13.923971],[-90.659247,13.924945]]]]},"properties":{"country_code":"GTM","country_name":"Guatemala","admin_level":2,"admin_type":"municipio","admin_code":"0510","name":"Iztapa","parent_code":"05","parent_name":"Escuintla","source_id":"143"}},{"type":"Feature","geometry":{"type":"MultiPolygon","coordinates":[[[[-91.633136,15.693948],[-91.678063,15.684885],[-91.713132,15.662861],[-91.736701,15.672394],[-91.750274,15.661529],[-91.736978,15.637107],[-91.698561,15.624335],[-91.691617,15.589863],[-91.691743,15.589657],[-91.647345,15.633665],[-91.627959,15.640459],[-91.551459,15.644813],[-91.536182,15.638772],[-91.530628,15.671898],[-91.556031,15.669575],[-91.633136,15.693948]]]]},"properties":{"country_code":"GTM","country_name":"Guatemala","admin_level":2,"admin_type":"municipio","admin_code":"1322","name":"Concepción Huista","parent_code":"13","parent_name":"Huehuetenango","source_id":"276"}},{"type":"Feature","geometry":{"type":"MultiPolygon","coordinates":[[[[-92.03864,14.392605],[-91.917878,14.293829],[-91.831078,14.232076],[-91.814314,14.276362],[-91.780826,14.297059],[-91.780348,14.317582],[-91.804574,14.359686],[-91.788712,14.395082],[-91.841758,14.435376],[-91.8897,14.418053],[-91.934323,14.410199],[-91.99736,14.407688],[-92.03864,14.392605]]]]},"properties":{"country_code":"GTM","country_name":"Guatemala","admin_level":2,"admin_type":"municipio","admin_code":"1107","name":"Champerico","parent_code":"11","parent_name":"Retalhuleu","source_id":"169"}},{"type":"Feature","geometry":{"type":"MultiPolygon","coordinates":[[[[-90.068422,14.239295],[-90.032629,14.214221],[-89.999891,14.226229],[-89.977961,14.276624],[-90.031034,14.291178],[-90.037179,14.308121],[-90.025313,14.342618],[-90.066027,14.337224],[-90.128214,14.34889],[-90.132506,14.332671],[-90.118104,14.326261],[-90.125063,14.275721],[-90.068422,14.239295]]]]},"properties":{"country_code":"GTM","country_name":"Guatemala","admin_level":2,"admin_type":"municipio","admin_code":"2217","name":"Quesada","parent_code":"22","parent_name":"Jutiapa","source_id":"90"}},{"type":"Feature","geometry":{"type":"MultiPolygon","coordinates":[[[[-89.780763,14.096036],[-89.784429,14.073503],[-89.806155,14.055944],[-89.773849,14.032254],[-89.741554,14.034633],[-89.745723,14.063134],[-89.719678,14.128608],[-89.76055,14.117757],[-89.780763,14.096036]]]]},"properties":{"country_code":"GTM","country_name":"Guatemala","admin_level":2,"admin_type":"municipio","admin_code":"2208","name":"Jerez","parent_code":"22","parent_name":"Jutiapa","source_id":"98"}},{"type":"Feature","geometry":{"type":"MultiPolygon","coordinates":[[[[-90.090915,14.201932],[-90.078237,14.186401],[-90.090344,14.155769],[-90.063612,14.113014],[-90.082372,14.066514],[-90.067138,14.053539],[-90.041602,14.085437],[-89.978704,14.057187],[-89.979745,14.02869],[-89.949965,13.980691],[-89.904603,14.033295],[-89.921874,14.056655],[-89.970034,14.074445],[-89.977977,14.097593],[-89.946657,14.127503],[-89.957593,14.149372],[-89.988865,14.164961],[-90.023145,14.172903],[-90.019397,14.196566],[-90.032629,14.214221],[-90.068422,14.239295],[-90.098886,14.221943],[-90.090915,14.201932]]]]},"properties":{"country_code":"GTM","country_name":"Guatemala","admin_level":2,"admin_type":"municipio","admin_code":"2212","name":"Jalpatagua","parent_code":"22","parent_name":"Jutiapa","source_id":"93"}},{"type":"Feature","geometry":{"type":"MultiPolygon","coordinates":[[[[-89.988865,14.164961],[-89.957593,14.149372],[-89.946657,14.127503],[-89.977977,14.097593],[-89.970034,14.074445],[-89.921874,14.056655],[-89.904603,14.033295],[-89.860201,14.049604],[-89.858992,14.076184],[-89.83161,14.077485],[-89.83276,14.104787],[-89.877675,14.157281],[-89.902668,14.159362],[-89.909045,14.181278],[-89.934557,14.206538],[-89.956859,14.183189],[-89.971145,14.198448],[-89.988865,14.164961]]]]},"properties":{"country_code":"GTM","country_name":"Guatemala","admin_level":2,"admin_type":"municipio","admin_code":"2211","name":"Comapa","parent_code":"22","parent_name":"Jutiapa","source_id":"95"}},{"type":"Feature","geometry":{"type":"MultiPolygon","coordinates":[[[[-89.76055,14.117757],[-89.719678,14.128608],[-89.665591,14.185481],[-89.696901,14.216649],[-89.73002,14.215374],[-89.76187,14.227711],[-89.770022,14.163836],[-89.76055,14.117757]]]]},"properties":{"country_code":"GTM","country_name":"Guatemala","admin_level":2,"admin_type":"municipio","admin_code":"2207","name":"Atescatempa","parent_code":"22","parent_name":"Jutiapa","source_id":"94"}},{"type":"Feature","geometry":{"type":"MultiPolygon","coordinates":[[[[-89.81657,14.203815],[-89.844853,14.189468],[-89.884377,14.184808],[-89.902668,14.159362],[-89.877675,14.157281],[-89.811029,14.163127],[-89.814358,14.172377],[-89.81657,14.203815]]]]},"properties":{"country_code":"GTM","country_name":"Guatemala","admin_level":2,"admin_type":"municipio","admin_code":"2209","name":"El Adelanto","parent_code":"22","parent_name":"Jutiapa","source_id":"96"}},{"type":"Feature","geometry":{"type":"MultiPolygon","coordinates":[[[[-89.814358,14.172377],[-89.811029,14.163127],[-89.877675,14.157281],[-89.83276,14.104787],[-89.83161,14.077485],[-89.858992,14.076184],[-89.860201,14.049604],[-89.818142,14.061839],[-89.806155,14.055944],[-89.784429,14.073503],[-89.780763,14.096036],[-89.801277,14.104797],[-89.779697,14.139341],[-89.789873,14.168803],[-89.814358,14.172377]]]]},"properties":{"country_code":"GTM","country_name":"Guatemala","admin_level":2,"admin_type":"municipio","admin_code":"2210","name":"Zapotitlán","parent_code":"22","parent_name":"Jutiapa","source_id":"97"}},{"type":"Feature","geometry":{"type":"MultiPolygon","coordinates":[[[[-90.067138,14.053539],[-90.072101,14.001321],[-90.054494,13.992079],[-90.038728,13.95953],[-90.035622,13.916406],[-90.026335,13.9344],[-89.949965,13.980691],[-89.979745,14.02869],[-89.978704,14.057187],[-90.041602,14.085437],[-90.067138,14.053539]]]]},"properties":{"country_code":"GTM","country_name":"Guatemala","admin_level":2,"admin_type":"municipio","admin_code":"2213","name":"Conguaco","parent_code":"22","parent_name":"Jutiapa","source_id":"99"}},{"type":"Feature","geometry":{"type":"MultiPolygon","coordinates":[[[[-90.235449,14.060665],[-90.233631,14.076154],[-90.277691,14.105814],[-90.298873,14.099471],[-90.288182,14.074841],[-90.30188,14.051823],[-90.256185,14.041836],[-90.235449,14.060665]]]]},"properties":{"country_code":"GTM","country_name":"Guatemala","admin_level":2,"admin_type":"municipio","admin_code":"0607","name":"San Juan Tecuaco","parent_code":"06","parent_name":"Santa Rosa","source_id":"115"}},{"type":"Feature","geometry":{"type":"MultiPolygon","coordinates":[[[[-90.164845,13.972026],[-90.165684,13.990479],[-90.195502,13.99155],[-90.215593,14.009463],[-90.256397,14.00686],[-90.295518,13.987029],[-90.284391,13.947193],[-90.263255,13.929509],[-90.23329,13.921807],[-90.211009,13.865884],[-90.241207,13.831109],[-90.238441,13.788382],[-90.218842,13.780034],[-90.189975,13.852401],[-90.196342,13.883765],[-90.175371,13.961915],[-90.164845,13.972026]]]]},"properties":{"country_code":"GTM","country_name":"Guatemala","admin_level":2,"admin_type":"municipio","admin_code":"2215","name":"Pasaco","parent_code":"22","parent_name":"Jutiapa","source_id":"101"}},{"type":"Feature","geometry":{"type":"MultiPolygon","coordinates":[[[[-90.082372,14.066514],[-90.142977,14.077553],[-90.145174,14.06485],[-90.181747,14.029823],[-90.129543,14.005465],[-90.164845,13.972026],[-90.175371,13.961915],[-90.196342,13.883765],[-90.189975,13.852401],[-90.218842,13.780034],[-90.128844,13.741378],[-90.102498,13.740571],[-90.094108,13.75655],[-90.117601,13.798186],[-90.113238,13.827774],[-90.067082,13.886638],[-90.035928,13.898619],[-90.035622,13.916406],[-90.038728,13.95953],[-90.054494,13.992079],[-90.072101,14.001321],[-90.067138,14.053539],[-90.082372,14.066514]]]]},"properties":{"country_code":"GTM","country_name":"Guatemala","admin_level":2,"admin_type":"municipio","admin_code":"2214","name":"Moyuta","parent_code":"22","parent_name":"Jutiapa","source_id":"100"}},{"type":"Feature","geometry":{"type":"MultiPolygon","coordinates":[[[[-89.959011,15.319596],[-89.917442,15.30214],[-89.895986,15.277406],[-89.859399,15.265938],[-89.866834,15.216677],[-89.862007,15.165538],[-89.851695,15.161231],[-89.824918,15.171655],[-89.787376,15.169315],[-89.752339,15.196768],[-89.75761,15.227557],[-89.798329,15.23289],[-89.799949,15.340111],[-89.827091,15.336483],[-89.884666,15.340226],[-89.959011,15.319596]]]]},"properties":{"country_code":"GTM","country_name":"Guatemala","admin_level":2,"admin_type":"municipio","admin_code":"1616","name":"Santa Catalina La Tinta","parent_code":"16","parent_name":"Alta Verapaz","source_id":"32"}},{"type":"Feature","geometry":{"type":"MultiPolygon","coordinates":[[[[-91.795122,15.569708],[-91.798135,15.520678],[-91.800344,15.50569],[-91.74141,15.482486],[-91.717853,15.489504],[-91.706509,15.549888],[-91.734942,15.556139],[-91.778457,15.583403],[-91.795122,15.569708]]]]},"properties":{"country_code":"GTM","country_name":"Guatemala","admin_level":2,"admin_type":"municipio","admin_code":"1306","name":"San Pedro Necta","parent_code":"13","parent_name":"Huehuetenango","source_id":"292"}},{"type":"Feature","geometry":{"type":"MultiPolygon","coordinates":[[[[-91.536182,15.638772],[-91.551459,15.644813],[-91.627959,15.640459],[-91.647345,15.633665],[-91.691743,15.589657],[-91.709339,15.568085],[-91.734942,15.556139],[-91.706509,15.549888],[-91.649622,15.53737],[-91.616981,15.511231],[-91.575881,15.500454],[-91.51227,15.478751],[-91.512282,15.523147],[-91.487868,15.555877],[-91.489325,15.595882],[-91.494737,15.628888],[-91.536182,15.638772]]]]},"properties":{"country_code":"GTM","country_name":"Guatemala","admin_level":2,"admin_type":"municipio","admin_code":"1315","name":"Todos Santos Cuchumatán","parent_code":"13","parent_name":"Huehuetenango","source_id":"304"}},{"type":"Feature","geometry":{"type":"MultiPolygon","coordinates":[[[[-90.508438,15.982853],[-90.407788,15.790633],[-90.306189,15.721821],[-90.249979,15.713828],[-90.231402,15.704957],[-90.179722,15.774214],[-90.126712,15.760669],[-90.08788,15.761635],[-90.004759,15.734108],[-89.952691,15.737472],[-89.955579,15.774139],[-90.017783,15.764863],[-90.053379,15.796099],[-90.138617,15.803752],[-90.154033,15.849169],[-90.18445,15.851113],[-90.229728,15.878891],[-90.246116,15.898196],[-90.224172,15.951946],[-90.191116,15.995002],[-90.155144,15.963058],[-90.130839,15.981113],[-90.126512,16.017838],[-90.214165,16.045048],[-90.444523,16.073824],[-90.434144,16.045099],[-90.44558,16.017937],[-90.474391,16.005289],[-90.490131,16.013034],[-90.508438,15.982853]]]]},"properties":{"country_code":"GTM","country_name":"Guatemala","admin_level":2,"admin_type":"municipio","admin_code":"1613","name":"Chisec","parent_code":"16","parent_name":"Alta Verapaz","source_id":"33"}},{"type":"Feature","geometry":{"type":"MultiPolygon","coordinates":[[[[-89.896765,16.90579],[-89.853747,16.905833],[-89.806688,16.899206],[-89.718605,16.909094],[-89.701898,16.922261],[-89.694122,16.969182],[-89.659201,16.98208],[-89.633672,16.962703],[-89.551449,16.949649],[-89.502878,16.948304],[-89.456382,16.960536],[-89.410865,16.98897],[-89.385393,16.988141],[-89.332887,17.016269],[-89.335176,17.326492],[-89.337442,17.81809],[-89.701708,17.819283],[-89.702407,17.550405],[-89.702655,17.281965],[-89.702145,16.996823],[-89.725506,16.984521],[-89.749943,16.997743],[-89.811123,16.991614],[-89.854535,16.998206],[-89.894742,16.968763],[-89.91034,16.941073],[-89.896765,16.90579]]]]},"properties":{"country_code":"GTM","country_name":"Guatemala","admin_level":2,"admin_type":"municipio","admin_code":"1701","name":"Flores","parent_code":"17","parent_name":"Petén","source_id":"327"}},{"type":"Feature","geometry":{"type":"MultiPolygon","coordinates":[[[[-89.701708,17.819283],[-89.916072,17.819456],[-89.916287,17.465623],[-89.916945,16.983597],[-89.894742,16.968763],[-89.854535,16.998206],[-89.811123,16.991614],[-89.749943,16.997743],[-89.725506,16.984521],[-89.702145,16.996823],[-89.702655,17.281965],[-89.702407,17.550405],[-89.701708,17.819283]]]]},"properties":{"country_code":"GTM","country_name":"Guatemala","admin_level":2,"admin_type":"municipio","admin_code":"1702","name":"San José","parent_code":"17","parent_name":"Petén","source_id":"328"}},{"type":"Feature","geometry":{"type":"MultiPolygon","coordinates":[[[[-92.176442,14.607314],[-92.193864,14.564813],[-92.226747,14.538084],[-92.18677,14.501842],[-92.152906,14.538157],[-92.145098,14.57113],[-92.14862,14.604172],[-92.137571,14.615992],[-92.176442,14.607314]]]]},"properties":{"country_code":"GTM","country_name":"Guatemala","admin_level":2,"admin_type":"municipio","admin_code":"1218","name":"Ocós","parent_code":"12","parent_name":"San Marcos","source_id":"244"}},{"type":"Feature","geometry":{"type":"MultiPolygon","coordinates":[[[[-89.988523,15.995018],[-90.037759,16.003276],[-90.046802,15.991563],[-90.126512,16.017838],[-90.130839,15.981113],[-90.155144,15.963058],[-90.191116,15.995002],[-90.224172,15.951946],[-90.246116,15.898196],[-90.229728,15.878891],[-90.18445,15.851113],[-90.154033,15.849169],[-90.138617,15.803752],[-90.053379,15.796099],[-90.017783,15.764863],[-89.955579,15.774139],[-89.945227,15.786419],[-89.941732,15.831552],[-89.954321,15.877209],[-89.996831,15.920605],[-90.013393,15.952877],[-90.011398,15.982293],[-89.988523,15.995018]]]]},"properties":{"country_code":"GTM","country_name":"Guatemala","admin_level":2,"admin_type":"municipio","admin_code":"1617","name":"Raxruhá","parent_code":"16","parent_name":"Alta Verapaz","source_id":"34"}},{"type":"Feature","geometry":{"type":"MultiPolygon","coordinates":[[[[-89.91034,16.941073],[-89.894742,16.968763],[-89.916945,16.983597],[-89.916287,17.465623],[-89.916072,17.819456],[-90.987714,17.81705],[-90.987662,17.537722],[-90.987304,17.278575],[-90.971899,17.261499],[-90.917818,17.245375],[-90.875651,17.26809],[-90.860112,17.250106],[-90.831239,17.250194],[-90.814554,17.232833],[-90.779474,17.226342],[-90.754264,17.238983],[-90.746755,17.260157],[-90.712789,17.267535],[-90.68911,17.296219],[-90.650083,17.307782],[-90.604484,17.303245],[-90.576874,17.286365],[-90.525066,17.273154],[-90.437543,17.193791],[-90.389685,17.199021],[-90.377819,17.210989],[-90.331388,17.228845],[-90.182863,17.109986],[-90.058127,17.008805],[-89.976581,16.945472],[-89.91034,16.941073]]]]},"properties":{"country_code":"GTM","country_name":"Guatemala","admin_level":2,"admin_type":"municipio","admin_code":"1704","name":"San Andrés","parent_code":"17","parent_name":"Petén","source_id":"329"}},{"type":"Feature","geometry":{"type":"MultiPolygon","coordinates":[[[[-89.482546,14.730736],[-89.453937,14.760224],[-89.456468,14.780359],[-89.451146,14.803452],[-89.469847,14.859456],[-89.501459,14.862543],[-89.562977,14.869446],[-89.620236,14.871224],[-89.644125,14.86603],[-89.664403,14.879058],[-89.696251,14.854827],[-89.710767,14.828275],[-89.703497,14.7814],[-89.720412,14.750869],[-89.67277,14.751327],[-89.623683,14.756351],[-89.607,14.767296],[-89.547153,14.738743],[-89.537018,14.709125],[-89.497402,14.705694],[-89.482546,14.730736]]]]},"properties":{"country_code":"GTM","country_name":"Guatemala","admin_level":2,"admin_type":"municipio","admin_code":"2001","name":"Chiquimula","parent_code":"20","parent_name":"Chiquimula","source_id":"53"}},{"type":"Feature","geometry":{"type":"MultiPolygon","coordinates":[[[[-91.667552,14.714291],[-91.667147,14.73982],[-91.628023,14.762455],[-91.61146,14.760907],[-91.588089,14.788257],[-91.583181,14.817512],[-91.596569,14.827112],[-91.619409,14.821316],[-91.653029,14.854639],[-91.685106,14.854216],[-91.726197,14.837681],[-91.731261,14.793572],[-91.713752,14.76552],[-91.726136,14.740992],[-91.700249,14.731656],[-91.671034,14.738806],[-91.669539,14.714253],[-91.667552,14.714291]]]]},"properties":{"country_code":"GTM","country_name":"Guatemala","admin_level":2,"admin_type":"municipio","admin_code":"0912","name":"San Martín Sacatepéquez","parent_code":"09","parent_name":"Quetzaltenango","source_id":"208"}},{"type":"Feature","geometry":{"type":"MultiPolygon","coordinates":[[[[-91.712828,14.9002],[-91.683266,14.903324],[-91.640532,14.930488],[-91.639437,14.955535],[-91.660873,14.97164],[-91.676397,14.963502],[-91.681412,14.946891],[-91.725556,14.923885],[-91.712828,14.9002]]]]},"properties":{"country_code":"GTM","country_name":"Guatemala","admin_level":2,"admin_type":"municipio","admin_code":"0924","name":"Palestina de Los Altos","parent_code":"09","parent_name":"Quetzaltenango","source_id":"196"}},{"type":"Feature","geometry":{"type":"MultiPolygon","coordinates":[[[[-91.579814,14.897721],[-91.594336,14.877678],[-91.588333,14.868643],[-91.575959,14.855395],[-91.559865,14.882929],[-91.579814,14.897721]]]]},"properties":{"country_code":"GTM","country_name":"Guatemala","admin_level":2,"admin_type":"municipio","admin_code":"0923","name":"La Esperanza","parent_code":"09","parent_name":"Quetzaltenango","source_id":"202"}},{"type":"Feature","geometry":{"type":"MultiPolygon","coordinates":[[[[-92.137571,14.615992],[-92.14862,14.604172],[-92.145098,14.57113],[-92.152906,14.538157],[-92.18677,14.501842],[-92.163205,14.486643],[-92.134702,14.509131],[-92.114563,14.50164],[-92.10302,14.528583],[-92.060787,14.567268],[-92.049721,14.56558],[-92.050813,14.585337],[-92.086196,14.590399],[-92.137131,14.616825],[-92.137571,14.615992]]]]},"properties":{"country_code":"GTM","country_name":"Guatemala","admin_level":2,"admin_type":"municipio","admin_code":"1230","name":"La Blanca","parent_code":"12","parent_name":"San Marcos","source_id":"245"}},{"type":"Feature","geometry":{"type":"MultiPolygon","coordinates":[[[[-91.588606,14.600452],[-91.5989,14.542455],[-91.652829,14.430396],[-91.652347,14.412739],[-91.674741,14.394193],[-91.6828,14.338567],[-91.729709,14.295685],[-91.751472,14.257831],[-91.752324,14.217557],[-91.786625,14.190868],[-91.723363,14.159479],[-91.665709,14.123804],[-91.656178,14.149618],[-91.642309,14.187882],[-91.623349,14.20716],[-91.625538,14.261632],[-91.591937,14.339088],[-91.591747,14.377575],[-91.584867,14.404687],[-91.579521,14.486813],[-91.588173,14.538132],[-91.569827,14.584059],[-91.550724,14.613342],[-91.541879,14.629228],[-91.556635,14.63734],[-91.566386,14.6297],[-91.588606,14.600452]]]]},"properties":{"country_code":"GTM","country_name":"Guatemala","admin_level":2,"admin_type":"municipio","admin_code":"1106","name":"San Andrés Villa Seca","parent_code":"11","parent_name":"Retalhuleu","source_id":"170"}},{"type":"Feature","geometry":{"type":"MultiPolygon","coordinates":[[[[-91.550724,14.613342],[-91.569827,14.584059],[-91.588173,14.538132],[-91.579521,14.486813],[-91.584867,14.404687],[-91.591747,14.377575],[-91.581291,14.386219],[-91.54059,14.380963],[-91.54844,14.41513],[-91.560078,14.452631],[-91.552794,14.494963],[-91.530621,14.564571],[-91.550613,14.573311],[-91.550724,14.613342]]]]},"properties":{"country_code":"GTM","country_name":"Guatemala","admin_level":2,"admin_type":"municipio","admin_code":"1002","name":"Cuyotenango","parent_code":"10","parent_name":"Suchitepéquez","source_id":"189"}},{"type":"Feature","geometry":{"type":"MultiPolygon","coordinates":[[[[-91.656178,14.149618],[-91.63592,14.153145],[-91.598681,14.197294],[-91.557437,14.258561],[-91.533003,14.279584],[-91.53014,14.319678],[-91.538889,14.340381],[-91.54059,14.380963],[-91.581291,14.386219],[-91.591747,14.377575],[-91.591937,14.339088],[-91.625538,14.261632],[-91.623349,14.20716],[-91.642309,14.187882],[-91.656178,14.149618]]]]},"properties":{"country_code":"GTM","country_name":"Guatemala","admin_level":2,"admin_type":"municipio","admin_code":"1021","name":"San José La Máquina","parent_code":"10","parent_name":"Suchitepéquez","source_id":"190"}},{"type":"Feature","geometry":{"type":"MultiPolygon","coordinates":[[[[-91.522206,14.493587],[-91.535,14.438219],[-91.54844,14.41513],[-91.54059,14.380963],[-91.538889,14.340381],[-91.53014,14.319678],[-91.533003,14.279584],[-91.557437,14.258561],[-91.598681,14.197294],[-91.63592,14.153145],[-91.656178,14.149618],[-91.665709,14.123804],[-91.568169,14.061731],[-91.558587,14.10721],[-91.545522,14.133762],[-91.510434,14.140678],[-91.49175,14.1701],[-91.494625,14.231597],[-91.511969,14.270994],[-91.514307,14.323976],[-91.52731,14.344791],[-91.518023,14.387748],[-91.502107,14.413647],[-91.511423,14.445235],[-91.504074,14.497886],[-91.522206,14.493587]]]]},"properties":{"country_code":"GTM","country_name":"Guatemala","admin_level":2,"admin_type":"municipio","admin_code":"1007","name":"San Lorenzo","parent_code":"10","parent_name":"Suchitepéquez","source_id":"191"}},{"type":"Feature","geometry":{"type":"MultiPolygon","coordinates":[[[[-91.596569,14.827112],[-91.604575,14.863377],[-91.653029,14.854639],[-91.619409,14.821316],[-91.596569,14.827112]]]]},"properties":{"country_code":"GTM","country_name":"Guatemala","admin_level":2,"admin_type":"municipio","admin_code":"0911","name":"Concepción Chiquirichapa","parent_code":"09","parent_name":"Quetzaltenango","source_id":"206"}},{"type":"Feature","geometry":{"type":"MultiPolygon","coordinates":[[[[-89.668311,14.994649],[-89.674073,14.968304],[-89.658454,14.943568],[-89.651114,14.911351],[-89.622283,14.914696],[-89.615038,14.947454],[-89.600589,14.966558],[-89.575268,14.962505],[-89.554558,14.97379],[-89.5557,15.031588],[-89.572711,15.0396],[-89.612776,15.020981],[-89.617733,15.008361],[-89.668311,14.994649]]]]},"properties":{"country_code":"GTM","country_name":"Guatemala","admin_level":2,"admin_type":"municipio","admin_code":"1902","name":"Estanzuela","parent_code":"19","parent_name":"Zacapa","source_id":"74"}},{"type":"Feature","geometry":{"type":"MultiPolygon","coordinates":[[[[-89.74817,14.95283],[-89.740034,14.917641],[-89.717988,14.905879],[-89.728995,14.874072],[-89.696251,14.854827],[-89.664403,14.879058],[-89.651114,14.911351],[-89.658454,14.943568],[-89.674073,14.968304],[-89.743371,14.957591],[-89.74817,14.95283]]]]},"properties":{"country_code":"GTM","country_name":"Guatemala","admin_level":2,"admin_type":"municipio","admin_code":"1910","name":"Huité","parent_code":"19","parent_name":"Zacapa","source_id":"75"}},{"type":"Feature","geometry":{"type":"MultiPolygon","coordinates":[[[[-91.583181,14.817512],[-91.575959,14.855395],[-91.588333,14.868643],[-91.604575,14.863377],[-91.596569,14.827112],[-91.583181,14.817512]]]]},"properties":{"country_code":"GTM","country_name":"Guatemala","admin_level":2,"admin_type":"municipio","admin_code":"0910","name":"San Mateo","parent_code":"09","parent_name":"Quetzaltenango","source_id":"205"}},{"type":"Feature","geometry":{"type":"MultiPolygon","coordinates":[[[[-89.562977,14.869446],[-89.572533,14.896419],[-89.555506,14.926585],[-89.575268,14.962505],[-89.600589,14.966558],[-89.615038,14.947454],[-89.622283,14.914696],[-89.651114,14.911351],[-89.664403,14.879058],[-89.644125,14.86603],[-89.620236,14.871224],[-89.562977,14.869446]]]]},"properties":{"country_code":"GTM","country_name":"Guatemala","admin_level":2,"admin_type":"municipio","admin_code":"1911","name":"San Jorge","parent_code":"19","parent_name":"Zacapa","source_id":"76"}},{"type":"Feature","geometry":{"type":"MultiPolygon","coordinates":[[[[-91.673061,14.998968],[-91.676397,14.963502],[-91.660873,14.97164],[-91.639437,14.955535],[-91.616466,14.956789],[-91.617141,15.024215],[-91.636503,15.011898],[-91.665767,15.027971],[-91.673061,14.998968]]]]},"properties":{"country_code":"GTM","country_name":"Guatemala","admin_level":2,"admin_type":"municipio","admin_code":"0905","name":"Sibilia","parent_code":"09","parent_name":"Quetzaltenango","source_id":"195"}},{"type":"Feature","geometry":{"type":"MultiPolygon","coordinates":[[[[-91.496815,14.884554],[-91.542664,14.86758],[-91.559865,14.882929],[-91.575959,14.855395],[-91.583181,14.817512],[-91.588089,14.788257],[-91.572335,14.749181],[-91.546325,14.741831],[-91.514666,14.7545],[-91.517373,14.780546],[-91.500205,14.800847],[-91.482815,14.830733],[-91.460989,14.823631],[-91.471187,14.855676],[-91.488358,14.885073],[-91.496815,14.884554]]]]},"properties":{"country_code":"GTM","country_name":"Guatemala","admin_level":2,"admin_type":"municipio","admin_code":"0901","name":"Quetzaltenango","parent_code":"09","parent_name":"Quetzaltenango","source_id":"204"}},{"type":"Feature","geometry":{"type":"MultiPolygon","coordinates":[[[[-89.469033,15.076737],[-89.509332,15.053819],[-89.538326,15.049335],[-89.5557,15.031588],[-89.554558,14.97379],[-89.575268,14.962505],[-89.555506,14.926585],[-89.572533,14.896419],[-89.562977,14.869446],[-89.501459,14.862543],[-89.48865,14.889593],[-89.466429,14.900168],[-89.408299,14.902474],[-89.398701,14.929653],[-89.371898,14.943012],[-89.326529,14.981341],[-89.328873,15.010383],[-89.321429,15.02476],[-89.375012,15.035761],[-89.378932,15.068132],[-89.40216,15.056005],[-89.435175,15.056964],[-89.439783,15.077309],[-89.469033,15.076737]]]]},"properties":{"country_code":"GTM","country_name":"Guatemala","admin_level":2,"admin_type":"municipio","admin_code":"1901","name":"Zacapa","parent_code":"19","parent_name":"Zacapa","source_id":"77"}},{"type":"Feature","geometry":{"type":"MultiPolygon","coordinates":[[[[-89.539845,16.648116],[-89.520315,16.663832],[-89.601454,16.69028],[-89.621437,16.70385],[-89.65441,16.645182],[-89.689855,16.623192],[-89.739621,16.651399],[-89.767788,16.640756],[-89.783835,16.655055],[-89.825875,16.638442],[-89.833175,16.568692],[-89.902187,16.569762],[-89.905895,16.532192],[-89.92201,16.455394],[-89.919974,16.389907],[-89.919975,16.389862],[-89.886847,16.328074],[-89.861707,16.326793],[-89.824207,16.361234],[-89.809811,16.407053],[-89.775387,16.426225],[-89.734703,16.436695],[-89.721313,16.428856],[-89.66919,16.438218],[-89.639683,16.417789],[-89.63831,16.457175],[-89.582581,16.459623],[-89.574315,16.496862],[-89.547945,16.495582],[-89.555785,16.525332],[-89.547065,16.570422],[-89.568195,16.592142],[-89.534255,16.622422],[-89.539845,16.648116]]]]},"properties":{"country_code":"GTM","country_name":"Guatemala","admin_level":2,"admin_type":"municipio","admin_code":"1714","name":"El Chal","parent_code":"17","parent_name":"Petén","source_id":"335"}},{"type":"Feature","geometry":{"type":"MultiPolygon","coordinates":[[[[-89.952195,16.244983],[-89.945701,16.273182],[-89.881626,16.303153],[-89.886847,16.328074],[-89.919975,16.389862],[-89.920395,16.389372],[-89.930043,16.396574],[-89.975124,16.376775],[-90.017244,16.335368],[-90.040613,16.380881],[-90.043393,16.416765],[-90.032842,16.443795],[-90.042429,16.478849],[-90.056057,16.494889],[-90.034216,16.531667],[-90.086443,16.559637],[-90.108477,16.535906],[-90.156504,16.531028],[-90.200433,16.554975],[-90.22346,16.544506],[-90.256844,16.561997],[-90.293671,16.571207],[-90.312897,16.553252],[-90.340883,16.576777],[-90.409034,16.577962],[-90.44253,16.540871],[-90.45254,16.503004],[-90.478835,16.525945],[-90.492672,16.506196],[-90.518493,16.505917],[-90.521316,16.479364],[-90.543989,16.480171],[-90.526616,16.457371],[-90.505998,16.468294],[-90.485693,16.422725],[-90.418805,16.422313],[-90.395277,16.373652],[-90.409843,16.31189],[-90.439512,16.296866],[-90.427252,16.272466],[-90.452578,16.22308],[-90.453271,16.185256],[-90.428392,16.172523],[-90.447829,16.154596],[-90.45771,16.094858],[-90.444523,16.073824],[-90.214165,16.045048],[-90.126512,16.017838],[-90.046802,15.991563],[-90.051591,16.046578],[-90.072224,16.078024],[-90.050587,16.089947],[-90.038929,16.116722],[-90.04597,16.147156],[-90.038235,16.171132],[-90.051156,16.19576],[-90.036853,16.209757],[-90.000384,16.208715],[-89.952195,16.244983]]]]},"properties":{"country_code":"GTM","country_name":"Guatemala","admin_level":2,"admin_type":"municipio","admin_code":"1710","name":"Sayaxché","parent_code":"17","parent_name":"Petén","source_id":"336"}},{"type":"Feature","geometry":{"type":"MultiPolygon","coordinates":[[[[-89.202808,16.267513],[-89.191874,16.435249],[-89.218315,16.43341],[-89.267058,16.398575],[-89.291637,16.390792],[-89.308087,16.370402],[-89.342991,16.368134],[-89.400132,16.403965],[-89.428359,16.40537],[-89.441506,16.393254],[-89.470237,16.403157],[-89.534304,16.387205],[-89.546593,16.370524],[-89.602533,16.380681],[-89.639683,16.417789],[-89.66919,16.438218],[-89.721313,16.428856],[-89.734703,16.436695],[-89.775387,16.426225],[-89.809811,16.407053],[-89.824207,16.361234],[-89.861707,16.326793],[-89.886847,16.328074],[-89.881626,16.303153],[-89.945701,16.273182],[-89.952195,16.244983],[-89.911909,16.249206],[-89.888679,16.265593],[-89.541561,16.267383],[-89.202808,16.267513]]]]},"properties":{"country_code":"GTM","country_name":"Guatemala","admin_level":2,"admin_type":"municipio","admin_code":"1712","name":"Poptún","parent_code":"17","parent_name":"Petén","source_id":"337"}},{"type":"Feature","geometry":{"type":"MultiPolygon","coordinates":[[[[-89.330598,16.922335],[-89.347495,16.901903],[-89.383669,16.761886],[-89.373601,16.732412],[-89.389404,16.690918],[-89.462037,16.675827],[-89.517483,16.647692],[-89.539845,16.648116],[-89.534255,16.622422],[-89.568195,16.592142],[-89.547065,16.570422],[-89.555785,16.525332],[-89.547945,16.495582],[-89.574315,16.496862],[-89.582581,16.459623],[-89.63831,16.457175],[-89.639683,16.417789],[-89.602533,16.380681],[-89.546593,16.370524],[-89.534304,16.387205],[-89.470237,16.403157],[-89.441506,16.393254],[-89.428359,16.40537],[-89.400132,16.403965],[-89.342991,16.368134],[-89.308087,16.370402],[-89.291637,16.390792],[-89.267058,16.398575],[-89.218315,16.43341],[-89.191874,16.435249],[-89.181058,16.608592],[-89.166281,16.818884],[-89.329973,16.819004],[-89.330598,16.922335]]]]},"properties":{"country_code":"GTM","country_name":"Guatemala","admin_level":2,"admin_type":"municipio","admin_code":"1708","name":"Dolores","parent_code":"17","parent_name":"Petén","source_id":"338"}},{"type":"Feature","geometry":{"type":"MultiPolygon","coordinates":[[[[-89.332887,17.016269],[-89.385393,16.988141],[-89.410865,16.98897],[-89.456382,16.960536],[-89.502878,16.948304],[-89.551449,16.949649],[-89.633672,16.962703],[-89.659201,16.98208],[-89.694122,16.969182],[-89.701898,16.922261],[-89.718605,16.909094],[-89.806688,16.899206],[-89.853747,16.905833],[-89.852327,16.868646],[-89.864341,16.850947],[-89.858368,16.821063],[-89.808621,16.776958],[-89.741532,16.69255],[-89.713098,16.674154],[-89.68252,16.669623],[-89.65441,16.645182],[-89.621437,16.70385],[-89.601454,16.69028],[-89.520315,16.663832],[-89.539845,16.648116],[-89.517483,16.647692],[-89.462037,16.675827],[-89.389404,16.690918],[-89.373601,16.732412],[-89.383669,16.761886],[-89.347495,16.901903],[-89.330598,16.922335],[-89.332887,17.016269]]]]},"properties":{"country_code":"GTM","country_name":"Guatemala","admin_level":2,"admin_type":"municipio","admin_code":"1707","name":"Santa Ana","parent_code":"17","parent_name":"Petén","source_id":"339"}},{"type":"Feature","geometry":{"type":"MultiPolygon","coordinates":[[[[-90.014508,16.836534],[-90.041678,16.818912],[-90.0789,16.813152],[-90.119652,16.780833],[-90.15196,16.724224],[-90.15968,16.687032],[-90.182718,16.637114],[-90.238199,16.623349],[-90.238042,16.584318],[-90.256844,16.561997],[-90.22346,16.544506],[-90.200433,16.554975],[-90.156504,16.531028],[-90.108477,16.535906],[-90.086443,16.559637],[-90.034216,16.531667],[-90.056057,16.494889],[-90.042429,16.478849],[-90.032842,16.443795],[-90.043393,16.416765],[-90.040613,16.380881],[-90.017244,16.335368],[-89.975124,16.376775],[-89.930043,16.396574],[-89.920395,16.389372],[-89.919974,16.389907],[-89.92201,16.455394],[-89.905895,16.532192],[-89.902187,16.569762],[-89.833175,16.568692],[-89.825875,16.638442],[-89.783835,16.655055],[-89.767788,16.640756],[-89.739621,16.651399],[-89.689855,16.623192],[-89.65441,16.645182],[-89.68252,16.669623],[-89.713098,16.674154],[-89.741532,16.69255],[-89.808621,16.776958],[-89.858368,16.821063],[-89.864341,16.850947],[-89.852327,16.868646],[-89.853747,16.905833],[-89.896765,16.90579],[-89.915613,16.910398],[-89.923892,16.867745],[-89.917286,16.836686],[-90.014508,16.836534]]]]},"properties":{"country_code":"GTM","country_name":"Guatemala","admin_level":2,"admin_type":"municipio","admin_code":"1706","name":"San Francisco","parent_code":"17","parent_name":"Petén","source_id":"340"}},{"type":"Feature","geometry":{"type":"MultiPolygon","coordinates":[[[[-91.811249,14.668085],[-91.804704,14.694995],[-91.828516,14.679587],[-91.845133,14.683435],[-91.890548,14.662704],[-91.885606,14.641179],[-91.916775,14.602943],[-91.912172,14.583651],[-91.873237,14.570684],[-91.856587,14.609272],[-91.840946,14.621127],[-91.811249,14.668085]]]]},"properties":{"country_code":"GTM","country_name":"Guatemala","admin_level":2,"admin_type":"municipio","admin_code":"0922","name":"Flores Costa Cuca","parent_code":"09","parent_name":"Quetzaltenango","source_id":"214"}},{"type":"Feature","geometry":{"type":"MultiPolygon","coordinates":[[[[-91.774314,15.618583],[-91.762501,15.611178],[-91.71062,15.614847],[-91.691617,15.589863],[-91.698561,15.624335],[-91.736978,15.637107],[-91.774314,15.618583]]]]},"properties":{"country_code":"GTM","country_name":"Guatemala","admin_level":2,"admin_type":"municipio","admin_code":"1333","name":"Petatán","parent_code":"13","parent_name":"Huehuetenango","source_id":"284"}},{"type":"Feature","geometry":{"type":"MultiPolygon","coordinates":[[[[-91.653373,14.607381],[-91.611505,14.634622],[-91.565719,14.652028],[-91.533296,14.684001],[-91.546325,14.741831],[-91.572335,14.749181],[-91.588089,14.788257],[-91.61146,14.760907],[-91.628023,14.762455],[-91.667147,14.73982],[-91.667552,14.714291],[-91.667671,14.686491],[-91.681746,14.642275],[-91.659056,14.636981],[-91.653373,14.607381]]]]},"properties":{"country_code":"GTM","country_name":"Guatemala","admin_level":2,"admin_type":"municipio","admin_code":"0919","name":"El Palmar","parent_code":"09","parent_name":"Quetzaltenango","source_id":"212"}},{"type":"Feature","geometry":{"type":"MultiPolygon","coordinates":[[[[-91.778457,15.583403],[-91.734942,15.556139],[-91.709339,15.568085],[-91.691743,15.589657],[-91.691617,15.589863],[-91.71062,15.614847],[-91.762501,15.611178],[-91.774314,15.618583],[-91.778457,15.583403]]]]},"properties":{"country_code":"GTM","country_name":"Guatemala","admin_level":2,"admin_type":"municipio","admin_code":"1332","name":"Unión Cantinil","parent_code":"13","parent_name":"Huehuetenango","source_id":"305"}},{"type":"Feature","geometry":{"type":"MultiPolygon","coordinates":[[[[-91.523859,14.939228],[-91.5542,14.939739],[-91.57292,14.934057],[-91.575281,14.922127],[-91.579482,14.905237],[-91.55051,14.917668],[-91.51676,14.921477],[-91.523859,14.939228]]]]},"properties":{"country_code":"GTM","country_name":"Guatemala","admin_level":2,"admin_type":"municipio","admin_code":"0918","name":"San Francisco La Unión","parent_code":"09","parent_name":"Quetzaltenango","source_id":"198"}},{"type":"Feature","geometry":{"type":"MultiPolygon","coordinates":[[[[-91.782267,14.557327],[-91.805624,14.567761],[-91.790436,14.636388],[-91.811249,14.668085],[-91.840946,14.621127],[-91.856587,14.609272],[-91.873237,14.570684],[-91.898716,14.561211],[-91.939613,14.561928],[-91.965594,14.53346],[-91.921239,14.529603],[-91.899234,14.511504],[-91.87877,14.514188],[-91.831655,14.493949],[-91.798756,14.504494],[-91.782267,14.557327]]]]},"properties":{"country_code":"GTM","country_name":"Guatemala","admin_level":2,"admin_type":"municipio","admin_code":"0921","name":"Génova","parent_code":"09","parent_name":"Quetzaltenango","source_id":"215"}},{"type":"Feature","geometry":{"type":"MultiPolygon","coordinates":[[[[-91.665767,15.027971],[-91.636503,15.011898],[-91.617141,15.024215],[-91.590376,15.079854],[-91.619295,15.064144],[-91.660141,15.058048],[-91.665767,15.027971]]]]},"properties":{"country_code":"GTM","country_name":"Guatemala","admin_level":2,"admin_type":"municipio","admin_code":"0915","name":"Huitán","parent_code":"09","parent_name":"Quetzaltenango","source_id":"194"}},{"type":"Feature","geometry":{"type":"MultiPolygon","coordinates":[[[[-91.56841,15.226177],[-91.585771,15.172022],[-91.618912,15.154326],[-91.612083,15.105702],[-91.590376,15.079854],[-91.617141,15.024215],[-91.616466,14.956789],[-91.594554,14.935198],[-91.57292,14.934057],[-91.5542,14.939739],[-91.529011,14.959422],[-91.541432,14.988651],[-91.541913,15.026945],[-91.549076,15.112937],[-91.520553,15.137736],[-91.51147,15.146116],[-91.519821,15.20762],[-91.56841,15.226177]]]]},"properties":{"country_code":"GTM","country_name":"Guatemala","admin_level":2,"admin_type":"municipio","admin_code":"0904","name":"San Carlos Sija","parent_code":"09","parent_name":"Quetzaltenango","source_id":"192"}},{"type":"Feature","geometry":{"type":"MultiPolygon","coordinates":[[[[-92.011566,14.718822],[-92.048467,14.709711],[-92.06881,14.68426],[-92.087023,14.679269],[-92.116231,14.641097],[-92.135937,14.627713],[-92.137131,14.616825],[-92.086196,14.590399],[-92.050813,14.585337],[-92.049721,14.56558],[-91.991636,14.53694],[-91.965594,14.53346],[-91.939613,14.561928],[-91.898716,14.561211],[-91.873237,14.570684],[-91.912172,14.583651],[-91.916775,14.602943],[-91.885606,14.641179],[-91.890548,14.662704],[-91.845133,14.683435],[-91.828516,14.679587],[-91.804704,14.694995],[-91.830133,14.719694],[-91.880209,14.717745],[-91.920115,14.726276],[-91.96207,14.716039],[-92.011566,14.718822]]]]},"properties":{"country_code":"GTM","country_name":"Guatemala","admin_level":2,"admin_type":"municipio","admin_code":"0920","name":"Coatepeque","parent_code":"09","parent_name":"Quetzaltenango","source_id":"213"}},{"type":"Feature","geometry":{"type":"MultiPolygon","coordinates":[[[[-91.445962,14.863002],[-91.471187,14.855676],[-91.460989,14.823631],[-91.474609,14.792767],[-91.443445,14.76488],[-91.408108,14.801119],[-91.404235,14.822749],[-91.422499,14.849057],[-91.445962,14.863002]]]]},"properties":{"country_code":"GTM","country_name":"Guatemala","admin_level":2,"admin_type":"municipio","admin_code":"0914","name":"Cantel","parent_code":"09","parent_name":"Quetzaltenango","source_id":"207"}},{"type":"Feature","geometry":{"type":"MultiPolygon","coordinates":[[[[-91.830133,14.719694],[-91.804704,14.694995],[-91.811249,14.668085],[-91.790436,14.636388],[-91.805624,14.567761],[-91.782267,14.557327],[-91.777831,14.593696],[-91.754466,14.588992],[-91.748718,14.645553],[-91.727782,14.666863],[-91.71259,14.659387],[-91.703276,14.689513],[-91.669539,14.714253],[-91.671034,14.738806],[-91.700249,14.731656],[-91.726136,14.740992],[-91.713752,14.76552],[-91.731261,14.793572],[-91.726197,14.837681],[-91.752797,14.829477],[-91.775522,14.792918],[-91.788106,14.741507],[-91.830133,14.719694]]]]},"properties":{"country_code":"GTM","country_name":"Guatemala","admin_level":2,"admin_type":"municipio","admin_code":"0917","name":"Colomba","parent_code":"09","parent_name":"Quetzaltenango","source_id":"209"}},{"type":"Feature","geometry":{"type":"MultiPolygon","coordinates":[[[[-91.490078,14.706213],[-91.483225,14.720586],[-91.446117,14.744643],[-91.443445,14.76488],[-91.474609,14.792767],[-91.500205,14.800847],[-91.517373,14.780546],[-91.514666,14.7545],[-91.546325,14.741831],[-91.533296,14.684001],[-91.516513,14.685513],[-91.490078,14.706213]]]]},"properties":{"country_code":"GTM","country_name":"Guatemala","admin_level":2,"admin_type":"municipio","admin_code":"0916","name":"Zunil","parent_code":"09","parent_name":"Quetzaltenango","source_id":"211"}},{"type":"Feature","geometry":{"type":"MultiPolygon","coordinates":[[[[-91.766441,14.847191],[-91.779617,14.816168],[-91.775522,14.792918],[-91.752797,14.829477],[-91.726197,14.837681],[-91.685106,14.854216],[-91.653029,14.854639],[-91.604575,14.863377],[-91.588333,14.868643],[-91.594336,14.877678],[-91.629499,14.89748],[-91.620159,14.916655],[-91.640532,14.930488],[-91.683266,14.903324],[-91.712828,14.9002],[-91.735925,14.893252],[-91.753293,14.877703],[-91.766441,14.847191]]]]},"properties":{"country_code":"GTM","country_name":"Guatemala","admin_level":2,"admin_type":"municipio","admin_code":"0909","name":"Ostuncalco","parent_code":"09","parent_name":"Quetzaltenango","source_id":"199"}},{"type":"Feature","geometry":{"type":"MultiPolygon","coordinates":[[[[-91.579482,14.905237],[-91.575281,14.922127],[-91.620159,14.916655],[-91.629499,14.89748],[-91.594336,14.877678],[-91.579814,14.897721],[-91.579482,14.905237]]]]},"properties":{"country_code":"GTM","country_name":"Guatemala","admin_level":2,"admin_type":"municipio","admin_code":"0908","name":"San Miguel Sigüila","parent_code":"09","parent_name":"Quetzaltenango","source_id":"200"}},{"type":"Feature","geometry":{"type":"MultiPolygon","coordinates":[[[[-91.640532,14.930488],[-91.620159,14.916655],[-91.575281,14.922127],[-91.57292,14.934057],[-91.594554,14.935198],[-91.616466,14.956789],[-91.639437,14.955535],[-91.640532,14.930488]]]]},"properties":{"country_code":"GTM","country_name":"Guatemala","admin_level":2,"admin_type":"municipio","admin_code":"0907","name":"Cajolá","parent_code":"09","parent_name":"Quetzaltenango","source_id":"197"}},{"type":"Feature","geometry":{"type":"MultiPolygon","coordinates":[[[[-91.679888,15.140598],[-91.702982,15.109861],[-91.700479,15.095948],[-91.671797,15.060372],[-91.660141,15.058048],[-91.619295,15.064144],[-91.590376,15.079854],[-91.612083,15.105702],[-91.618912,15.154326],[-91.679888,15.140598]]]]},"properties":{"country_code":"GTM","country_name":"Guatemala","admin_level":2,"admin_type":"municipio","admin_code":"0906","name":"Cabricán","parent_code":"09","parent_name":"Quetzaltenango","source_id":"193"}},{"type":"Feature","geometry":{"type":"MultiPolygon","coordinates":[[[[-91.319715,15.202362],[-91.332389,15.165581],[-91.286905,15.137689],[-91.260973,15.12651],[-91.248109,15.112481],[-91.213405,15.101991],[-91.260482,15.162088],[-91.287782,15.166902],[-91.319715,15.202362]]]]},"properties":{"country_code":"GTM","country_name":"Guatemala","admin_level":2,"admin_type":"municipio","admin_code":"0807","name":"Santa Lucía La Reforma","parent_code":"08","parent_name":"Totonicapán","source_id":"266"}},{"type":"Feature","geometry":{"type":"MultiPolygon","coordinates":[[[[-91.260973,15.12651],[-91.286905,15.137689],[-91.318751,15.087891],[-91.376838,15.042369],[-91.385852,15.019009],[-91.42659,14.970947],[-91.417097,14.961294],[-91.365174,14.954337],[-91.342093,14.939312],[-91.289882,14.935849],[-91.241048,14.946715],[-91.241627,14.985417],[-91.266696,15.001505],[-91.260973,15.12651]]]]},"properties":{"country_code":"GTM","country_name":"Guatemala","admin_level":2,"admin_type":"municipio","admin_code":"0806","name":"Santa María Chiquimula","parent_code":"08","parent_name":"Totonicapán","source_id":"268"}},{"type":"Feature","geometry":{"type":"MultiPolygon","coordinates":[[[[-91.145962,14.731238],[-91.121947,14.698583],[-91.11683,14.70436],[-91.138528,14.739763],[-91.145962,14.731238]]]]},"properties":{"country_code":"GTM","country_name":"Guatemala","admin_level":2,"admin_type":"municipio","admin_code":"0711","name":"Santa Catarina Palopó","parent_code":"07","parent_name":"Sololá","source_id":"258"}},{"type":"Feature","geometry":{"type":"MultiPolygon","coordinates":[[[[-91.39601,14.636489],[-91.356909,14.645688],[-91.349326,14.670901],[-91.351454,14.687924],[-91.329102,14.73766],[-91.320235,14.747389],[-91.306892,14.771362],[-91.325485,14.787749],[-91.322236,14.817721],[-91.374674,14.820585],[-91.403052,14.774918],[-91.425964,14.750385],[-91.420704,14.713887],[-91.429994,14.688454],[-91.41658,14.658729],[-91.460236,14.638738],[-91.485519,14.601873],[-91.454237,14.599377],[-91.433081,14.627447],[-91.39601,14.636489]]]]},"properties":{"country_code":"GTM","country_name":"Guatemala","admin_level":2,"admin_type":"municipio","admin_code":"0706","name":"Santa Catarina Ixtahuacán","parent_code":"07","parent_name":"Sololá","source_id":"248"}},{"type":"Feature","geometry":{"type":"MultiPolygon","coordinates":[[[[-91.366584,15.222969],[-91.381746,15.210627],[-91.387365,15.140889],[-91.433696,15.108439],[-91.443804,15.080488],[-91.477117,15.073387],[-91.473981,15.10144],[-91.50532,15.109124],[-91.520553,15.137736],[-91.549076,15.112937],[-91.541913,15.026945],[-91.511436,14.994047],[-91.490211,15.011342],[-91.469886,15.009512],[-91.458394,14.973301],[-91.42659,14.970947],[-91.385852,15.019009],[-91.376838,15.042369],[-91.318751,15.087891],[-91.286905,15.137689],[-91.332389,15.165581],[-91.319715,15.202362],[-91.312613,15.23909],[-91.319097,15.252227],[-91.366584,15.222969]]]]},"properties":{"country_code":"GTM","country_name":"Guatemala","admin_level":2,"admin_type":"municipio","admin_code":"0805","name":"Momostenango","parent_code":"08","parent_name":"Totonicapán","source_id":"265"}},{"type":"Feature","geometry":{"type":"MultiPolygon","coordinates":[[[[-91.417097,14.961294],[-91.42659,14.970947],[-91.458394,14.973301],[-91.469886,15.009512],[-91.490211,15.011342],[-91.511436,14.994047],[-91.541913,15.026945],[-91.541432,14.988651],[-91.529011,14.959422],[-91.513618,14.962652],[-91.472756,14.936177],[-91.419962,14.924806],[-91.405566,14.944755],[-91.417097,14.961294]]]]},"properties":{"country_code":"GTM","country_name":"Guatemala","admin_level":2,"admin_type":"municipio","admin_code":"0803","name":"San Francisco El Alto","parent_code":"08","parent_name":"Totonicapán","source_id":"269"}},{"type":"Feature","geometry":{"type":"MultiPolygon","coordinates":[[[[-91.471924,14.89498],[-91.439302,14.890677],[-91.424884,14.89766],[-91.419962,14.924806],[-91.472756,14.936177],[-91.513618,14.962652],[-91.529011,14.959422],[-91.5542,14.939739],[-91.523859,14.939228],[-91.499976,14.927281],[-91.471924,14.89498]]]]},"properties":{"country_code":"GTM","country_name":"Guatemala","admin_level":2,"admin_type":"municipio","admin_code":"0802","name":"San Cristóbal Totonicapán","parent_code":"08","parent_name":"Totonicapán","source_id":"270"}},{"type":"Feature","geometry":{"type":"MultiPolygon","coordinates":[[[[-91.294389,14.598815],[-91.296628,14.57266],[-91.268552,14.540947],[-91.268741,14.522818],[-91.252608,14.544948],[-91.209898,14.577908],[-91.189652,14.572654],[-91.172253,14.559983],[-91.172269,14.580908],[-91.189424,14.605369],[-91.154078,14.658226],[-91.170295,14.674721],[-91.218549,14.662191],[-91.231541,14.633404],[-91.256648,14.625892],[-91.294389,14.598815]]]]},"properties":{"country_code":"GTM","country_name":"Guatemala","admin_level":2,"admin_type":"municipio","admin_code":"0719","name":"Santiago Atitlán","parent_code":"07","parent_name":"Sololá","source_id":"263"}},{"type":"Feature","geometry":{"type":"MultiPolygon","coordinates":[[[[-91.286391,14.715917],[-91.323715,14.692833],[-91.331831,14.666047],[-91.349326,14.670901],[-91.356909,14.645688],[-91.342204,14.631682],[-91.315899,14.633831],[-91.285273,14.670629],[-91.282685,14.695256],[-91.281612,14.712835],[-91.286391,14.715917]]]]},"properties":{"country_code":"GTM","country_name":"Guatemala","admin_level":2,"admin_type":"municipio","admin_code":"0717","name":"San Juan La Laguna","parent_code":"07","parent_name":"Sololá","source_id":"260"}},{"type":"Feature","geometry":{"type":"MultiPolygon","coordinates":[[[[-91.247242,14.749759],[-91.247275,14.751495],[-91.275735,14.747343],[-91.270366,14.716105],[-91.243427,14.728649],[-91.247242,14.749759]]]]},"properties":{"country_code":"GTM","country_name":"Guatemala","admin_level":2,"admin_type":"municipio","admin_code":"0716","name":"San Marcos La Laguna","parent_code":"07","parent_name":"Sololá","source_id":"255"}},{"type":"Feature","geometry":{"type":"MultiPolygon","coordinates":[[[[-91.11683,14.70436],[-91.121947,14.698583],[-91.117535,14.660651],[-91.136268,14.635044],[-91.110658,14.627456],[-91.077466,14.693754],[-91.11683,14.70436]]]]},"properties":{"country_code":"GTM","country_name":"Guatemala","admin_level":2,"admin_type":"municipio","admin_code":"0712","name":"San Antonio Palopó","parent_code":"07","parent_name":"Sololá","source_id":"261"}},{"type":"Feature","geometry":{"type":"MultiPolygon","coordinates":[[[[-91.404235,14.822749],[-91.408108,14.801119],[-91.443445,14.76488],[-91.446117,14.744643],[-91.483225,14.720586],[-91.490078,14.706213],[-91.485625,14.66752],[-91.481652,14.644884],[-91.506494,14.600123],[-91.49922,14.595728],[-91.491866,14.594443],[-91.485519,14.601873],[-91.460236,14.638738],[-91.41658,14.658729],[-91.429994,14.688454],[-91.420704,14.713887],[-91.425964,14.750385],[-91.403052,14.774918],[-91.374674,14.820585],[-91.322236,14.817721],[-91.325485,14.787749],[-91.306892,14.771362],[-91.304676,14.801213],[-91.265867,14.820064],[-91.233339,14.796228],[-91.223514,14.799617],[-91.262787,14.844958],[-91.30732,14.875836],[-91.337273,14.875605],[-91.361759,14.850261],[-91.404235,14.822749]]]]},"properties":{"country_code":"GTM","country_name":"Guatemala","admin_level":2,"admin_type":"municipio","admin_code":"0705","name":"Nahualá","parent_code":"07","parent_name":"Sololá","source_id":"247"}},{"type":"Feature","geometry":{"type":"MultiPolygon","coordinates":[[[[-91.275735,14.747343],[-91.247275,14.751495],[-91.233339,14.796228],[-91.265867,14.820064],[-91.304676,14.801213],[-91.306892,14.771362],[-91.320235,14.747389],[-91.289927,14.744161],[-91.275735,14.747343]]]]},"properties":{"country_code":"GTM","country_name":"Guatemala","admin_level":2,"admin_type":"municipio","admin_code":"0704","name":"Santa Lucía Utatlán","parent_code":"07","parent_name":"Sololá","source_id":"249"}},{"type":"Feature","geometry":{"type":"MultiPolygon","coordinates":[[[[-91.199461,14.740975],[-91.167185,14.747448],[-91.137622,14.760861],[-91.156579,14.780005],[-91.135882,14.805672],[-91.105193,14.840913],[-91.134819,14.870086],[-91.157551,14.87462],[-91.176504,14.896433],[-91.206836,14.883523],[-91.211959,14.860812],[-91.262787,14.844958],[-91.223514,14.799617],[-91.205594,14.76086],[-91.199461,14.740975]]]]},"properties":{"country_code":"GTM","country_name":"Guatemala","admin_level":2,"admin_type":"municipio","admin_code":"0701","name":"Sololá","parent_code":"07","parent_name":"Sololá","source_id":"246"}},{"type":"Feature","geometry":{"type":"MultiPolygon","coordinates":[[[[-90.266678,14.480807],[-90.29606,14.456335],[-90.293507,14.393442],[-90.302596,14.370701],[-90.332817,14.370359],[-90.339946,14.338273],[-90.312854,14.328552],[-90.302026,14.30953],[-90.276623,14.30048],[-90.24182,14.303758],[-90.214396,14.334034],[-90.21944,14.368921],[-90.243088,14.386276],[-90.261484,14.419299],[-90.251316,14.472979],[-90.266678,14.480807]]]]},"properties":{"country_code":"GTM","country_name":"Guatemala","admin_level":2,"admin_type":"municipio","admin_code":"0614","name":"Nueva Santa Rosa","parent_code":"06","parent_name":"Santa Rosa","source_id":"105"}},{"type":"Feature","geometry":{"type":"MultiPolygon","coordinates":[[[[-90.407876,14.132214],[-90.419494,14.135495],[-90.444698,14.106295],[-90.44199,14.081727],[-90.453617,14.028633],[-90.442738,13.975799],[-90.443445,13.94257],[-90.462371,13.930238],[-90.444064,13.904132],[-90.456036,13.879323],[-90.447334,13.876448],[-90.422027,13.93744],[-90.427163,13.993679],[-90.409037,13.996477],[-90.398154,14.047728],[-90.387041,14.059798],[-90.407876,14.132214]]]]},"properties":{"country_code":"GTM","country_name":"Guatemala","admin_level":2,"admin_type":"municipio","admin_code":"0611","name":"Guazacapán","parent_code":"06","parent_name":"Santa Rosa","source_id":"114"}},{"type":"Feature","geometry":{"type":"MultiPolygon","coordinates":[[[[-90.338353,14.184369],[-90.312135,14.144548],[-90.311316,14.103158],[-90.298873,14.099471],[-90.277691,14.105814],[-90.233631,14.076154],[-90.235449,14.060665],[-90.215959,14.060154],[-90.165343,14.097054],[-90.204594,14.12468],[-90.206204,14.162807],[-90.25037,14.172544],[-90.257189,14.232339],[-90.296993,14.233425],[-90.310087,14.204824],[-90.338353,14.184369]]]]},"properties":{"country_code":"GTM","country_name":"Guatemala","admin_level":2,"admin_type":"municipio","admin_code":"0610","name":"Santa María Ixhuatán","parent_code":"06","parent_name":"Santa Rosa","source_id":"111"}},{"type":"Feature","geometry":{"type":"MultiPolygon","coordinates":[[[[-90.754689,13.953579],[-90.78659,13.955467],[-90.797489,13.97899],[-90.824961,13.975235],[-90.830947,14.002136],[-90.865696,14.002381],[-90.874853,14.029634],[-90.927993,14.02368],[-90.940205,13.992964],[-90.978539,13.988679],[-90.984455,13.964779],[-90.985978,13.913974],[-90.912492,13.91061],[-90.856168,13.916071],[-90.78767,13.917327],[-90.747737,13.923971],[-90.754689,13.953579]]]]},"properties":{"country_code":"GTM","country_name":"Guatemala","admin_level":2,"admin_type":"municipio","admin_code":"0509","name":"San José","parent_code":"05","parent_name":"Escuintla","source_id":"142"}},{"type":"Feature","geometry":{"type":"MultiPolygon","coordinates":[[[[-90.398456,14.205427],[-90.439178,14.198262],[-90.451581,14.220108],[-90.439474,14.276318],[-90.470733,14.313509],[-90.504555,14.291395],[-90.528555,14.268871],[-90.56886,14.256982],[-90.588925,14.24254],[-90.602999,14.207961],[-90.607414,14.170261],[-90.589658,14.154481],[-90.544892,14.162821],[-90.509099,14.199057],[-90.483648,14.166211],[-90.454289,14.14524],[-90.419494,14.135495],[-90.407876,14.132214],[-90.415826,14.167481],[-90.392662,14.185506],[-90.344508,14.186422],[-90.398456,14.205427]]]]},"properties":{"country_code":"GTM","country_name":"Guatemala","admin_level":2,"admin_type":"municipio","admin_code":"0613","name":"Pueblo Nuevo Viñas","parent_code":"06","parent_name":"Santa Rosa","source_id":"109"}},{"type":"Feature","geometry":{"type":"MultiPolygon","coordinates":[[[[-90.332817,14.370359],[-90.368627,14.417383],[-90.416088,14.434287],[-90.431864,14.410531],[-90.414318,14.410701],[-90.381334,14.359187],[-90.38889,14.333636],[-90.339946,14.338273],[-90.332817,14.370359]]]]},"properties":{"country_code":"GTM","country_name":"Guatemala","admin_level":2,"admin_type":"municipio","admin_code":"0612","name":"Santa Cruz Naranjo","parent_code":"06","parent_name":"Santa Rosa","source_id":"106"}},{"type":"Feature","geometry":{"type":"MultiPolygon","coordinates":[[[[-90.659247,13.924945],[-90.532171,13.903305],[-90.456036,13.879323],[-90.444064,13.904132],[-90.462371,13.930238],[-90.443445,13.94257],[-90.442738,13.975799],[-90.453617,14.028633],[-90.44199,14.081727],[-90.444698,14.106295],[-90.419494,14.135495],[-90.454289,14.14524],[-90.483648,14.166211],[-90.509099,14.199057],[-90.544892,14.162821],[-90.589658,14.154481],[-90.607414,14.170261],[-90.643869,14.135875],[-90.638306,14.109845],[-90.650447,14.096494],[-90.635453,14.065459],[-90.662614,14.050735],[-90.675257,14.021813],[-90.659247,13.924945]]]]},"properties":{"country_code":"GTM","country_name":"Guatemala","admin_level":2,"admin_type":"municipio","admin_code":"0609","name":"Taxisco","parent_code":"06","parent_name":"Santa Rosa","source_id":"112"}},{"type":"Feature","geometry":{"type":"MultiPolygon","coordinates":[[[[-90.299951,14.504351],[-90.346174,14.479705],[-90.380913,14.480208],[-90.403781,14.487987],[-90.416088,14.434287],[-90.368627,14.417383],[-90.332817,14.370359],[-90.302596,14.370701],[-90.293507,14.393442],[-90.29606,14.456335],[-90.266678,14.480807],[-90.275727,14.503048],[-90.299951,14.504351]]]]},"properties":{"country_code":"GTM","country_name":"Guatemala","admin_level":2,"admin_type":"municipio","admin_code":"0603","name":"Santa Rosa de Lima","parent_code":"06","parent_name":"Santa Rosa","source_id":"102"}},{"type":"Feature","geometry":{"type":"MultiPolygon","coordinates":[[[[-90.344508,14.186422],[-90.392662,14.185506],[-90.415826,14.167481],[-90.407876,14.132214],[-90.387041,14.059798],[-90.398154,14.047728],[-90.409037,13.996477],[-90.427163,13.993679],[-90.422027,13.93744],[-90.447334,13.876448],[-90.400542,13.858693],[-90.238441,13.788382],[-90.241207,13.831109],[-90.211009,13.865884],[-90.23329,13.921807],[-90.263255,13.929509],[-90.284391,13.947193],[-90.295518,13.987029],[-90.256397,14.00686],[-90.256185,14.041836],[-90.30188,14.051823],[-90.288182,14.074841],[-90.298873,14.099471],[-90.311316,14.103158],[-90.312135,14.144548],[-90.338353,14.184369],[-90.344508,14.186422]]]]},"properties":{"country_code":"GTM","country_name":"Guatemala","admin_level":2,"admin_type":"municipio","admin_code":"0608","name":"Chiquimulilla","parent_code":"06","parent_name":"Santa Rosa","source_id":"113"}},{"type":"Feature","geometry":{"type":"MultiPolygon","coordinates":[[[[-90.853902,14.563147],[-90.855147,14.589253],[-90.821481,14.600039],[-90.814989,14.626114],[-90.842725,14.648649],[-90.870965,14.659724],[-90.90108,14.624418],[-90.905711,14.587573],[-90.858403,14.544698],[-90.853902,14.563147]]]]},"properties":{"country_code":"GTM","country_name":"Guatemala","admin_level":2,"admin_type":"municipio","admin_code":"0413","name":"San Andrés Itzapa","parent_code":"04","parent_name":"Chimaltenango","source_id":"127"}},{"type":"Feature","geometry":{"type":"MultiPolygon","coordinates":[[[[-90.206101,14.250895],[-90.200229,14.22466],[-90.206204,14.162807],[-90.204594,14.12468],[-90.165343,14.097054],[-90.215959,14.060154],[-90.235449,14.060665],[-90.256185,14.041836],[-90.256397,14.00686],[-90.215593,14.009463],[-90.195502,13.99155],[-90.165684,13.990479],[-90.164845,13.972026],[-90.129543,14.005465],[-90.181747,14.029823],[-90.145174,14.06485],[-90.142977,14.077553],[-90.082372,14.066514],[-90.063612,14.113014],[-90.090344,14.155769],[-90.078237,14.186401],[-90.090915,14.201932],[-90.16522,14.238126],[-90.193695,14.261498],[-90.206101,14.250895]]]]},"properties":{"country_code":"GTM","country_name":"Guatemala","admin_level":2,"admin_type":"municipio","admin_code":"0606","name":"Oratorio","parent_code":"06","parent_name":"Santa Rosa","source_id":"110"}},{"type":"Feature","geometry":{"type":"MultiPolygon","coordinates":[[[[-90.12838,14.488792],[-90.186221,14.490701],[-90.213502,14.483224],[-90.214748,14.438386],[-90.191826,14.412479],[-90.1271,14.416359],[-90.098972,14.448593],[-90.121547,14.464601],[-90.12838,14.488792]]]]},"properties":{"country_code":"GTM","country_name":"Guatemala","admin_level":2,"admin_type":"municipio","admin_code":"0605","name":"San Rafael Las Flores","parent_code":"06","parent_name":"Santa Rosa","source_id":"103"}},{"type":"Feature","geometry":{"type":"MultiPolygon","coordinates":[[[[-90.098972,14.448593],[-90.1271,14.416359],[-90.191826,14.412479],[-90.214748,14.438386],[-90.213502,14.483224],[-90.251316,14.472979],[-90.261484,14.419299],[-90.243088,14.386276],[-90.21944,14.368921],[-90.214396,14.334034],[-90.208386,14.299026],[-90.188105,14.301853],[-90.185781,14.334199],[-90.132506,14.332671],[-90.128214,14.34889],[-90.066027,14.337224],[-90.076963,14.386872],[-90.057942,14.420249],[-90.098972,14.448593]]]]},"properties":{"country_code":"GTM","country_name":"Guatemala","admin_level":2,"admin_type":"municipio","admin_code":"0604","name":"Casillas","parent_code":"06","parent_name":"Santa Rosa","source_id":"104"}},{"type":"Feature","geometry":{"type":"MultiPolygon","coordinates":[[[[-90.312854,14.328552],[-90.339946,14.338273],[-90.38889,14.333636],[-90.381334,14.359187],[-90.414318,14.410701],[-90.431864,14.410531],[-90.454945,14.400259],[-90.459445,14.364532],[-90.486722,14.36122],[-90.495397,14.326814],[-90.514276,14.30639],[-90.504555,14.291395],[-90.470733,14.313509],[-90.439474,14.276318],[-90.451581,14.220108],[-90.439178,14.198262],[-90.398456,14.205427],[-90.395387,14.229449],[-90.334201,14.255345],[-90.353919,14.293884],[-90.312854,14.328552]]]]},"properties":{"country_code":"GTM","country_name":"Guatemala","admin_level":2,"admin_type":"municipio","admin_code":"0602","name":"Barberena","parent_code":"06","parent_name":"Santa Rosa","source_id":"107"}},{"type":"Feature","geometry":{"type":"MultiPolygon","coordinates":[[[[-90.984455,13.964779],[-91.013149,13.973441],[-91.030883,13.9887],[-91.086162,13.990656],[-91.233728,14.008113],[-91.271728,13.998668],[-91.284006,14.010807],[-91.313635,13.966421],[-91.310176,13.952439],[-91.204055,13.928929],[-91.148831,13.921539],[-91.042421,13.913787],[-90.985978,13.913974],[-90.984455,13.964779]]]]},"properties":{"country_code":"GTM","country_name":"Guatemala","admin_level":2,"admin_type":"municipio","admin_code":"0514","name":"Sipacate","parent_code":"05","parent_name":"Escuintla","source_id":"144"}},{"type":"Feature","geometry":{"type":"MultiPolygon","coordinates":[[[[-91.267254,14.305583],[-91.298277,14.253551],[-91.315926,14.195942],[-91.333114,14.178705],[-91.338719,14.149466],[-91.356076,14.14627],[-91.389962,14.121085],[-91.422951,14.076545],[-91.436215,14.005163],[-91.310176,13.952439],[-91.313635,13.966421],[-91.284006,14.010807],[-91.257602,14.073641],[-91.173935,14.168651],[-91.178938,14.201341],[-91.217014,14.207533],[-91.199635,14.293615],[-91.267254,14.305583]]]]},"properties":{"country_code":"GTM","country_name":"Guatemala","admin_level":2,"admin_type":"municipio","admin_code":"0513","name":"Nueva Concepción","parent_code":"05","parent_name":"Escuintla","source_id":"138"}},{"type":"Feature","geometry":{"type":"MultiPolygon","coordinates":[[[[-90.699161,14.349659],[-90.715996,14.323904],[-90.692402,14.314423],[-90.692081,14.250395],[-90.663773,14.259873],[-90.633158,14.254982],[-90.610042,14.267533],[-90.601318,14.298579],[-90.613994,14.336935],[-90.597922,14.364734],[-90.599356,14.387619],[-90.605382,14.424211],[-90.643181,14.428137],[-90.655869,14.369696],[-90.699161,14.349659]]]]},"properties":{"country_code":"GTM","country_name":"Guatemala","admin_level":2,"admin_type":"municipio","admin_code":"0512","name":"San Vicente Pacaya","parent_code":"05","parent_name":"Escuintla","source_id":"136"}},{"type":"Feature","geometry":{"type":"MultiPolygon","coordinates":[[[[-90.675257,14.021813],[-90.662614,14.050735],[-90.635453,14.065459],[-90.650447,14.096494],[-90.638306,14.109845],[-90.643869,14.135875],[-90.607414,14.170261],[-90.602999,14.207961],[-90.588925,14.24254],[-90.579459,14.256258],[-90.584337,14.286645],[-90.601318,14.298579],[-90.610042,14.267533],[-90.633158,14.254982],[-90.663773,14.259873],[-90.675276,14.228512],[-90.674172,14.197896],[-90.656004,14.161948],[-90.68672,14.146654],[-90.752376,14.156973],[-90.756674,14.115131],[-90.718029,14.091924],[-90.706673,14.044341],[-90.711187,14.019053],[-90.675257,14.021813]]]]},"properties":{"country_code":"GTM","country_name":"Guatemala","admin_level":2,"admin_type":"municipio","admin_code":"0508","name":"Guanagazapa","parent_code":"05","parent_name":"Escuintla","source_id":"139"}},{"type":"Feature","geometry":{"type":"MultiPolygon","coordinates":[[[[-90.495134,14.806043],[-90.510296,14.791857],[-90.525057,14.707487],[-90.518714,14.684072],[-90.529305,14.665096],[-90.484419,14.673189],[-90.451894,14.705926],[-90.472046,14.726574],[-90.473835,14.755517],[-90.489815,14.762562],[-90.495134,14.806043]]]]},"properties":{"country_code":"GTM","country_name":"Guatemala","admin_level":2,"admin_type":"municipio","admin_code":"0106","name":"Chinautla","parent_code":"01","parent_name":"Guatemala","source_id":"6"}},{"type":"Feature","geometry":{"type":"MultiPolygon","coordinates":[[[[-91.013149,13.973441],[-90.972883,14.071047],[-91.014181,14.079044],[-91.012499,14.124723],[-90.97086,14.158908],[-90.987008,14.181586],[-91.050999,14.195041],[-91.061485,14.165358],[-91.077424,14.166563],[-91.103979,14.14576],[-91.151791,14.17949],[-91.173935,14.168651],[-91.257602,14.073641],[-91.284006,14.010807],[-91.271728,13.998668],[-91.233728,14.008113],[-91.086162,13.990656],[-91.030883,13.9887],[-91.013149,13.973441]]]]},"properties":{"country_code":"GTM","country_name":"Guatemala","admin_level":2,"admin_type":"municipio","admin_code":"0507","name":"La Gomera","parent_code":"05","parent_name":"Escuintla","source_id":"145"}},{"type":"Feature","geometry":{"type":"MultiPolygon","coordinates":[[[[-90.845954,14.735506],[-90.866833,14.703447],[-90.90187,14.694805],[-90.921682,14.670326],[-90.90108,14.624418],[-90.870965,14.659724],[-90.863922,14.685509],[-90.821135,14.70742],[-90.812542,14.723397],[-90.845954,14.735506]]]]},"properties":{"country_code":"GTM","country_name":"Guatemala","admin_level":2,"admin_type":"municipio","admin_code":"0415","name":"Zaragoza","parent_code":"04","parent_name":"Chimaltenango","source_id":"122"}},{"type":"Feature","geometry":{"type":"MultiPolygon","coordinates":[[[[-90.789164,14.628838],[-90.814989,14.626114],[-90.821481,14.600039],[-90.855147,14.589253],[-90.853902,14.563147],[-90.830086,14.559379],[-90.806738,14.571796],[-90.789164,14.628838]]]]},"properties":{"country_code":"GTM","country_name":"Guatemala","admin_level":2,"admin_type":"municipio","admin_code":"0414","name":"Parramos","parent_code":"04","parent_name":"Chimaltenango","source_id":"128"}},{"type":"Feature","geometry":{"type":"MultiPolygon","coordinates":[[[[-90.711187,14.019053],[-90.706673,14.044341],[-90.718029,14.091924],[-90.756674,14.115131],[-90.752376,14.156973],[-90.77305,14.185623],[-90.781661,14.237158],[-90.819317,14.244251],[-90.85389,14.202356],[-90.891965,14.181295],[-90.906231,14.129065],[-90.914215,14.067962],[-90.927993,14.02368],[-90.874853,14.029634],[-90.865696,14.002381],[-90.830947,14.002136],[-90.824961,13.975235],[-90.797489,13.97899],[-90.78659,13.955467],[-90.754689,13.953579],[-90.721774,13.959141],[-90.710397,13.982429],[-90.711187,14.019053]]]]},"properties":{"country_code":"GTM","country_name":"Guatemala","admin_level":2,"admin_type":"municipio","admin_code":"0505","name":"Masagua","parent_code":"05","parent_name":"Escuintla","source_id":"141"}},{"type":"Feature","geometry":{"type":"MultiPolygon","coordinates":[[[[-90.903386,14.270579],[-90.925376,14.281995],[-90.916267,14.313308],[-90.88024,14.325417],[-90.898506,14.383451],[-90.888195,14.422144],[-90.885171,14.469783],[-90.921904,14.448405],[-90.982296,14.373148],[-90.98558,14.354017],[-91.019022,14.315125],[-90.992733,14.273683],[-90.929735,14.275419],[-90.903386,14.270579]]]]},"properties":{"country_code":"GTM","country_name":"Guatemala","admin_level":2,"admin_type":"municipio","admin_code":"0504","name":"Siquinalá","parent_code":"05","parent_name":"Escuintla","source_id":"133"}},{"type":"Feature","geometry":{"type":"MultiPolygon","coordinates":[[[[-90.927993,14.02368],[-90.914215,14.067962],[-90.906231,14.129065],[-90.891965,14.181295],[-90.887379,14.235029],[-90.903386,14.270579],[-90.929735,14.275419],[-90.992733,14.273683],[-90.980968,14.233036],[-90.987008,14.181586],[-90.97086,14.158908],[-91.012499,14.124723],[-91.014181,14.079044],[-90.972883,14.071047],[-91.013149,13.973441],[-90.984455,13.964779],[-90.978539,13.988679],[-90.940205,13.992964],[-90.927993,14.02368]]]]},"properties":{"country_code":"GTM","country_name":"Guatemala","admin_level":2,"admin_type":"municipio","admin_code":"0503","name":"La Democracia","parent_code":"05","parent_name":"Escuintla","source_id":"140"}},{"type":"Feature","geometry":{"type":"MultiPolygon","coordinates":[[[[-90.958405,14.695046],[-90.988167,14.690021],[-90.993052,14.667641],[-90.956889,14.652328],[-90.960274,14.596338],[-90.935201,14.577381],[-90.905711,14.587573],[-90.90108,14.624418],[-90.921682,14.670326],[-90.958405,14.695046]]]]},"properties":{"country_code":"GTM","country_name":"Guatemala","admin_level":2,"admin_type":"municipio","admin_code":"0409","name":"Patzicía","parent_code":"04","parent_name":"Chimaltenango","source_id":"126"}},{"type":"Feature","geometry":{"type":"MultiPolygon","coordinates":[[[[-91.178938,14.201341],[-91.173935,14.168651],[-91.151791,14.17949],[-91.103979,14.14576],[-91.077424,14.166563],[-91.061485,14.165358],[-91.050999,14.195041],[-90.987008,14.181586],[-90.980968,14.233036],[-90.992733,14.273683],[-91.019022,14.315125],[-90.98558,14.354017],[-90.982296,14.373148],[-90.989315,14.41961],[-91.036129,14.430484],[-91.060069,14.427666],[-91.082879,14.409242],[-91.101878,14.416368],[-91.116011,14.405719],[-91.134194,14.364836],[-91.125453,14.357361],[-91.15472,14.279163],[-91.153631,14.235283],[-91.178938,14.201341]]]]},"properties":{"country_code":"GTM","country_name":"Guatemala","admin_level":2,"admin_type":"municipio","admin_code":"0502","name":"Santa Lucía Cotzumalguapa","parent_code":"05","parent_name":"Escuintla","source_id":"135"}},{"type":"Feature","geometry":{"type":"MultiPolygon","coordinates":[[[[-90.880832,14.470672],[-90.885171,14.469783],[-90.888195,14.422144],[-90.898506,14.383451],[-90.88024,14.325417],[-90.916267,14.313308],[-90.925376,14.281995],[-90.903386,14.270579],[-90.887379,14.235029],[-90.891965,14.181295],[-90.85389,14.202356],[-90.819317,14.244251],[-90.781661,14.237158],[-90.77305,14.185623],[-90.752376,14.156973],[-90.68672,14.146654],[-90.656004,14.161948],[-90.674172,14.197896],[-90.675276,14.228512],[-90.663773,14.259873],[-90.692081,14.250395],[-90.692402,14.314423],[-90.715996,14.323904],[-90.699161,14.349659],[-90.718452,14.336662],[-90.749118,14.332259],[-90.761925,14.362428],[-90.738207,14.417892],[-90.746769,14.461841],[-90.780652,14.439718],[-90.791686,14.419413],[-90.817046,14.402311],[-90.839594,14.434769],[-90.880832,14.470672]]]]},"properties":{"country_code":"GTM","country_name":"Guatemala","admin_level":2,"admin_type":"municipio","admin_code":"0501","name":"Escuintla","parent_code":"05","parent_name":"Escuintla","source_id":"132"}},{"type":"Feature","geometry":{"type":"MultiPolygon","coordinates":[[[[-90.780085,14.639634],[-90.761996,14.661472],[-90.773188,14.689929],[-90.758979,14.724999],[-90.762593,14.73191],[-90.792822,14.718549],[-90.814316,14.674136],[-90.814989,14.626114],[-90.789164,14.628838],[-90.780085,14.639634]]]]},"properties":{"country_code":"GTM","country_name":"Guatemala","admin_level":2,"admin_type":"municipio","admin_code":"0416","name":"El Tejar","parent_code":"04","parent_name":"Chimaltenango","source_id":"123"}},{"type":"Feature","geometry":{"type":"MultiPolygon","coordinates":[[[[-90.876439,14.502688],[-90.909416,14.522021],[-90.942289,14.519443],[-90.968984,14.527424],[-91.015696,14.500395],[-91.031986,14.500043],[-91.083816,14.474588],[-91.095553,14.453847],[-91.101878,14.416368],[-91.082879,14.409242],[-91.060069,14.427666],[-91.036129,14.430484],[-90.989315,14.41961],[-90.982296,14.373148],[-90.921904,14.448405],[-90.885171,14.469783],[-90.880832,14.470672],[-90.876439,14.502688]]]]},"properties":{"country_code":"GTM","country_name":"Guatemala","admin_level":2,"admin_type":"municipio","admin_code":"0412","name":"Yepocapa","parent_code":"04","parent_name":"Chimaltenango","source_id":"131"}},{"type":"Feature","geometry":{"type":"MultiPolygon","coordinates":[[[[-90.858403,14.544698],[-90.905711,14.587573],[-90.935201,14.577381],[-90.960274,14.596338],[-90.973479,14.600638],[-91.003018,14.582569],[-91.005017,14.564584],[-91.033394,14.558903],[-91.045437,14.531874],[-91.031986,14.500043],[-91.015696,14.500395],[-90.968984,14.527424],[-90.942289,14.519443],[-90.909416,14.522021],[-90.876439,14.502688],[-90.875604,14.504112],[-90.871765,14.532485],[-90.858403,14.544698]]]]},"properties":{"country_code":"GTM","country_name":"Guatemala","admin_level":2,"admin_type":"municipio","admin_code":"0411","name":"Acatenango","parent_code":"04","parent_name":"Chimaltenango","source_id":"130"}},{"type":"Feature","geometry":{"type":"MultiPolygon","coordinates":[[[[-91.014858,14.931135],[-91.028024,14.909516],[-91.02498,14.880483],[-91.044874,14.843616],[-91.021099,14.823311],[-91.072337,14.805883],[-91.086068,14.754041],[-91.075196,14.704481],[-91.029779,14.726],[-90.994409,14.727651],[-90.988167,14.690021],[-90.958405,14.695046],[-90.942756,14.717695],[-90.930822,14.754098],[-90.937816,14.782715],[-90.975099,14.780006],[-90.991717,14.802868],[-90.964247,14.848075],[-90.952444,14.896872],[-90.940985,14.924246],[-90.975112,14.935704],[-91.014858,14.931135]]]]},"properties":{"country_code":"GTM","country_name":"Guatemala","admin_level":2,"admin_type":"municipio","admin_code":"0406","name":"Tecpán Guatemala","parent_code":"04","parent_name":"Chimaltenango","source_id":"116"}},{"type":"Feature","geometry":{"type":"MultiPolygon","coordinates":[[[[-90.86429,14.808373],[-90.923794,14.792866],[-90.937816,14.782715],[-90.930822,14.754098],[-90.942756,14.717695],[-90.90187,14.694805],[-90.866833,14.703447],[-90.845954,14.735506],[-90.872984,14.765954],[-90.86429,14.808373]]]]},"properties":{"country_code":"GTM","country_name":"Guatemala","admin_level":2,"admin_type":"municipio","admin_code":"0404","name":"Comalapa","parent_code":"04","parent_name":"Chimaltenango","source_id":"120"}},{"type":"Feature","geometry":{"type":"MultiPolygon","coordinates":[[[[-90.901593,14.929797],[-90.940985,14.924246],[-90.952444,14.896872],[-90.935866,14.811756],[-90.923794,14.792866],[-90.86429,14.808373],[-90.854059,14.848991],[-90.879666,14.859175],[-90.89896,14.893818],[-90.901593,14.929797]]]]},"properties":{"country_code":"GTM","country_name":"Guatemala","admin_level":2,"admin_type":"municipio","admin_code":"0402","name":"San José Poaquil","parent_code":"04","parent_name":"Chimaltenango","source_id":"118"}},{"type":"Feature","geometry":{"type":"MultiPolygon","coordinates":[[[[-90.410509,14.710061],[-90.381962,14.706009],[-90.390808,14.668159],[-90.391041,14.619838],[-90.324838,14.596418],[-90.30254,14.604006],[-90.236776,14.609254],[-90.227324,14.662149],[-90.211883,14.670391],[-90.249339,14.692209],[-90.296693,14.704074],[-90.331913,14.732663],[-90.34915,14.744117],[-90.382752,14.730199],[-90.41094,14.744355],[-90.410509,14.710061]]]]},"properties":{"country_code":"GTM","country_name":"Guatemala","admin_level":2,"admin_type":"municipio","admin_code":"0105","name":"Palencia","parent_code":"01","parent_name":"Guatemala","source_id":"7"}},{"type":"Feature","geometry":{"type":"MultiPolygon","coordinates":[[[[-90.40356,14.845901],[-90.424377,14.825354],[-90.391507,14.803772],[-90.386763,14.77367],[-90.41094,14.744355],[-90.382752,14.730199],[-90.34915,14.744117],[-90.331913,14.732663],[-90.344071,14.794032],[-90.327191,14.81303],[-90.33879,14.835582],[-90.40356,14.845901]]]]},"properties":{"country_code":"GTM","country_name":"Guatemala","admin_level":2,"admin_type":"municipio","admin_code":"0104","name":"San José del Golfo","parent_code":"01","parent_name":"Guatemala","source_id":"4"}},{"type":"Feature","geometry":{"type":"MultiPolygon","coordinates":[[[[-90.236776,14.609254],[-90.30254,14.604006],[-90.324838,14.596418],[-90.391041,14.619838],[-90.407064,14.614555],[-90.435389,14.586452],[-90.414124,14.560985],[-90.429395,14.547041],[-90.395829,14.521662],[-90.380913,14.480208],[-90.346174,14.479705],[-90.299951,14.504351],[-90.27796,14.529935],[-90.275809,14.576162],[-90.247673,14.589599],[-90.236776,14.609254]]]]},"properties":{"country_code":"GTM","country_name":"Guatemala","admin_level":2,"admin_type":"municipio","admin_code":"0103","name":"San José Pinula","parent_code":"01","parent_name":"Guatemala","source_id":"11"}},{"type":"Feature","geometry":{"type":"MultiPolygon","coordinates":[[[[-90.451894,14.705926],[-90.484419,14.673189],[-90.529305,14.665096],[-90.566067,14.649338],[-90.579031,14.579312],[-90.556529,14.576491],[-90.556578,14.544374],[-90.537507,14.537151],[-90.524414,14.560046],[-90.51631,14.574111],[-90.482294,14.578637],[-90.472093,14.592992],[-90.434375,14.613874],[-90.407064,14.614555],[-90.391041,14.619838],[-90.390808,14.668159],[-90.381962,14.706009],[-90.410509,14.710061],[-90.451894,14.705926]]]]},"properties":{"country_code":"GTM","country_name":"Guatemala","admin_level":2,"admin_type":"municipio","admin_code":"0101","name":"Guatemala","parent_code":"01","parent_name":"Guatemala","source_id":"9"}},{"type":"Feature","geometry":{"type":"MultiPolygon","coordinates":[[[[-90.569588,14.873437],[-90.577506,14.788161],[-90.600525,14.786339],[-90.619421,14.748462],[-90.601942,14.71987],[-90.54093,14.718104],[-90.53699,14.709814],[-90.525057,14.707487],[-90.510296,14.791857],[-90.549752,14.809456],[-90.522609,14.859938],[-90.539067,14.883999],[-90.569588,14.873437]]]]},"properties":{"country_code":"GTM","country_name":"Guatemala","admin_level":2,"admin_type":"municipio","admin_code":"0111","name":"San Raimundo","parent_code":"01","parent_name":"Guatemala","source_id":"2"}},{"type":"Feature","geometry":{"type":"MultiPolygon","coordinates":[[[[-90.432504,14.909832],[-90.436195,14.886215],[-90.470087,14.879696],[-90.498238,14.895238],[-90.539067,14.883999],[-90.522609,14.859938],[-90.549752,14.809456],[-90.510296,14.791857],[-90.495134,14.806043],[-90.477284,14.822675],[-90.424377,14.825354],[-90.40356,14.845901],[-90.394759,14.874632],[-90.409117,14.911096],[-90.432504,14.909832]]]]},"properties":{"country_code":"GTM","country_name":"Guatemala","admin_level":2,"admin_type":"municipio","admin_code":"0112","name":"Chuarrancho","parent_code":"01","parent_name":"Guatemala","source_id":"1"}},{"type":"Feature","geometry":{"type":"MultiPolygon","coordinates":[[[[-90.474233,14.51983],[-90.484297,14.47769],[-90.473162,14.447038],[-90.478313,14.416353],[-90.459445,14.364532],[-90.454945,14.400259],[-90.431864,14.410531],[-90.416088,14.434287],[-90.403781,14.487987],[-90.380913,14.480208],[-90.395829,14.521662],[-90.429395,14.547041],[-90.450412,14.522912],[-90.474233,14.51983]]]]},"properties":{"country_code":"GTM","country_name":"Guatemala","admin_level":2,"admin_type":"municipio","admin_code":"0113","name":"Fraijanes","parent_code":"01","parent_name":"Guatemala","source_id":"15"}},{"type":"Feature","geometry":{"type":"MultiPolygon","coordinates":[[[[-90.666225,14.524318],[-90.673554,14.480755],[-90.659835,14.463604],[-90.643181,14.428137],[-90.605382,14.424211],[-90.599356,14.387619],[-90.554741,14.394488],[-90.542923,14.422061],[-90.57611,14.465153],[-90.610504,14.490553],[-90.628187,14.515989],[-90.663042,14.529257],[-90.666225,14.524318]]]]},"properties":{"country_code":"GTM","country_name":"Guatemala","admin_level":2,"admin_type":"municipio","admin_code":"0114","name":"Amatitlán","parent_code":"01","parent_name":"Guatemala","source_id":"17"}},{"type":"Feature","geometry":{"type":"MultiPolygon","coordinates":[[[[-90.668026,14.580892],[-90.654988,14.554886],[-90.663042,14.529257],[-90.628187,14.515989],[-90.610504,14.490553],[-90.576811,14.487546],[-90.575412,14.513725],[-90.556578,14.544374],[-90.556529,14.576491],[-90.579031,14.579312],[-90.61286,14.582696],[-90.668026,14.580892]]]]},"properties":{"country_code":"GTM","country_name":"Guatemala","admin_level":2,"admin_type":"municipio","admin_code":"0115","name":"Villa Nueva","parent_code":"01","parent_name":"Guatemala","source_id":"13"}},{"type":"Feature","geometry":{"type":"MultiPolygon","coordinates":[[[[-90.109685,14.803372],[-90.165379,14.776046],[-90.174901,14.708186],[-90.169556,14.696149],[-90.099388,14.71321],[-90.064111,14.702111],[-90.043772,14.735218],[-90.034708,14.774396],[-90.00426,14.805944],[-90.036475,14.808062],[-90.094175,14.78971],[-90.109685,14.803372]]]]},"properties":{"country_code":"GTM","country_name":"Guatemala","admin_level":2,"admin_type":"municipio","admin_code":"0207","name":"Sansare","parent_code":"02","parent_name":"El Progreso","source_id":"59"}},{"type":"Feature","geometry":{"type":"MultiPolygon","coordinates":[[[[-90.524414,14.560046],[-90.537507,14.537151],[-90.54364,14.473518],[-90.568611,14.483422],[-90.562454,14.451596],[-90.538354,14.448438],[-90.542923,14.422061],[-90.554741,14.394488],[-90.599356,14.387619],[-90.597922,14.364734],[-90.613994,14.336935],[-90.601318,14.298579],[-90.584337,14.286645],[-90.579459,14.256258],[-90.588925,14.24254],[-90.56886,14.256982],[-90.528555,14.268871],[-90.504555,14.291395],[-90.514276,14.30639],[-90.495397,14.326814],[-90.486722,14.36122],[-90.459445,14.364532],[-90.478313,14.416353],[-90.473162,14.447038],[-90.484297,14.47769],[-90.474233,14.51983],[-90.524414,14.560046]]]]},"properties":{"country_code":"GTM","country_name":"Guatemala","admin_level":2,"admin_type":"municipio","admin_code":"0116","name":"Villa Canales","parent_code":"01","parent_name":"Guatemala","source_id":"14"}},{"type":"Feature","geometry":{"type":"MultiPolygon","coordinates":[[[[-90.303818,14.885666],[-90.242347,14.875468],[-90.176697,14.880952],[-90.141429,14.887546],[-90.113673,14.91083],[-90.082226,14.911677],[-90.090751,14.933433],[-90.075681,14.968238],[-90.074347,15.042741],[-90.019023,15.07009],[-90.027039,15.09527],[-90.053966,15.105099],[-90.197633,15.002214],[-90.230056,14.97575],[-90.317504,14.913349],[-90.303818,14.885666]]]]},"properties":{"country_code":"GTM","country_name":"Guatemala","admin_level":2,"admin_type":"municipio","admin_code":"0202","name":"Morazán","parent_code":"02","parent_name":"El Progreso","source_id":"55"}},{"type":"Feature","geometry":{"type":"MultiPolygon","coordinates":[[[[-89.997161,15.139884],[-90.049353,15.108422],[-90.053966,15.105099],[-90.027039,15.09527],[-90.019023,15.07009],[-90.074347,15.042741],[-90.075681,14.968238],[-90.090751,14.933433],[-90.082226,14.911677],[-90.037687,14.916844],[-90.023827,14.88662],[-89.988059,14.88853],[-89.980493,14.915664],[-89.920028,14.915927],[-89.927654,14.974509],[-89.905362,15.018049],[-89.918505,15.077301],[-89.861186,15.095241],[-89.899703,15.138514],[-89.939631,15.140233],[-89.963988,15.152835],[-89.997161,15.139884]]]]},"properties":{"country_code":"GTM","country_name":"Guatemala","admin_level":2,"admin_type":"municipio","admin_code":"0203","name":"San Agustín Acasaguastlán","parent_code":"02","parent_name":"El Progreso","source_id":"54"}},{"type":"Feature","geometry":{"type":"MultiPolygon","coordinates":[[[[-89.83626,15.069041],[-89.861186,15.095241],[-89.918505,15.077301],[-89.905362,15.018049],[-89.927654,14.974509],[-89.920028,14.915927],[-89.848934,14.924313],[-89.818999,14.933315],[-89.814026,14.944377],[-89.851367,14.960535],[-89.846908,14.982816],[-89.871485,15.017553],[-89.79332,15.01337],[-89.789374,15.019975],[-89.83626,15.069041]]]]},"properties":{"country_code":"GTM","country_name":"Guatemala","admin_level":2,"admin_type":"municipio","admin_code":"0204","name":"San Cristóbal Acasaguastlán","parent_code":"02","parent_name":"El Progreso","source_id":"56"}},{"type":"Feature","geometry":{"type":"MultiPolygon","coordinates":[[[[-90.327191,14.81303],[-90.344071,14.794032],[-90.331913,14.732663],[-90.296693,14.704074],[-90.249339,14.692209],[-90.211883,14.670391],[-90.198429,14.714956],[-90.214882,14.734128],[-90.233748,14.775372],[-90.266697,14.801789],[-90.293259,14.812656],[-90.327191,14.81303]]]]},"properties":{"country_code":"GTM","country_name":"Guatemala","admin_level":2,"admin_type":"municipio","admin_code":"0208","name":"San Antonio La Paz","parent_code":"02","parent_name":"El Progreso","source_id":"60"}},{"type":"Feature","geometry":{"type":"MultiPolygon","coordinates":[[[[-91.538595,14.044361],[-91.436215,14.005163],[-91.422951,14.076545],[-91.389962,14.121085],[-91.356076,14.14627],[-91.338719,14.149466],[-91.333114,14.178705],[-91.315926,14.195942],[-91.298277,14.253551],[-91.267254,14.305583],[-91.266098,14.337606],[-91.281126,14.340119],[-91.313068,14.321243],[-91.327497,14.334289],[-91.380977,14.309528],[-91.411067,14.289958],[-91.430092,14.287144],[-91.434986,14.320377],[-91.460164,14.309254],[-91.461395,14.268718],[-91.4493,14.25794],[-91.447603,14.203075],[-91.460988,14.176181],[-91.483312,14.154944],[-91.487497,14.132439],[-91.508101,14.101268],[-91.532489,14.083796],[-91.538595,14.044361]]]]},"properties":{"country_code":"GTM","country_name":"Guatemala","admin_level":2,"admin_type":"municipio","admin_code":"0506","name":"Tiquisate","parent_code":"05","parent_name":"Escuintla","source_id":"137"}},{"type":"Feature","geometry":{"type":"MultiPolygon","coordinates":[[[[-90.750933,14.747313],[-90.762593,14.73191],[-90.758979,14.724999],[-90.734589,14.695369],[-90.711119,14.691616],[-90.675859,14.700916],[-90.672841,14.679553],[-90.652511,14.696855],[-90.58902,14.679367],[-90.562594,14.693028],[-90.54093,14.718104],[-90.601942,14.71987],[-90.619421,14.748462],[-90.600525,14.786339],[-90.577506,14.788161],[-90.569588,14.873437],[-90.6192,14.877052],[-90.662314,14.859446],[-90.692281,14.836628],[-90.69406,14.791043],[-90.750933,14.747313]]]]},"properties":{"country_code":"GTM","country_name":"Guatemala","admin_level":2,"admin_type":"municipio","admin_code":"0110","name":"San Juan Sacatepéquez","parent_code":"01","parent_name":"Guatemala","source_id":"3"}}]}
